Column 1 Latitude [dec degrees]
Column 2 Longitude [dec degrees]
Column 3 Velocity in N-S direction [m/a]
Column 4 Velocity in W-E direction [m/a]
Column 5 Uncertainty of velocity in N-S direction [m/a]
Column 6 Uncertainty of velocity in W-E direction [m/a]

 32.0  -110.0   -0.0079   -0.0090   0.0006   0.0016
 32.0  -109.0   -0.0074   -0.0091   0.0006   0.0016
 32.0  -108.0   -0.0092   -0.0109   0.0027   0.0011
 32.0  -107.0   -0.0087   -0.0110   0.0027   0.0011
 32.0  -106.0   -0.0082   -0.0111   0.0027   0.0011
 31.0  -110.0   -0.0079   -0.0084   0.0006   0.0016
 31.0  -109.0   -0.0074   -0.0085   0.0006   0.0016
 31.0  -108.0   -0.0084   -0.0093   0.0028   0.0019
 31.0  -107.0   -0.0087   -0.0104   0.0027   0.0011
 31.0  -106.0   -0.0082   -0.0105   0.0027   0.0011
 31.0  -105.0   -0.0077   -0.0106   0.0027   0.0011
 30.0  -110.0   -0.0079   -0.0078   0.0006   0.0016
 30.0  -109.0   -0.0089   -0.0085   0.0028   0.0019
 30.0  -108.0   -0.0088   -0.0088   0.0031   0.0022
 30.0  -107.0   -0.0083   -0.0088   0.0031   0.0022
 30.0  -106.0   -0.0074   -0.0090   0.0028   0.0019
 30.0  -105.0   -0.0077   -0.0100   0.0027   0.0011
 30.0  -104.0   -0.0070   -0.0104   0.0024   0.0011
 29.0  -110.0   -0.0077   -0.0076   0.0005   0.0019
 29.0  -109.0   -0.0088   -0.0085   0.0028   0.0020
 29.0  -108.0   -0.0088   -0.0082   0.0031   0.0022
 29.0  -107.0   -0.0083   -0.0082   0.0031   0.0022
 29.0  -106.0   -0.0073   -0.0087   0.0028   0.0020
 29.0  -105.0   -0.0071   -0.0100   0.0026   0.0007
 29.0  -104.0   -0.0076   -0.0102   0.0025   0.0009
 29.0  -103.0   -0.0071   -0.0103   0.0025   0.0009
 29.0  -102.0   -0.0066   -0.0103   0.0025   0.0009
 28.0  -110.0   -0.0077   -0.0071   0.0005   0.0019
 28.0  -109.0   -0.0072   -0.0072   0.0005   0.0019
 28.0  -108.0   -0.0067   -0.0073   0.0005   0.0019
 28.0  -107.0   -0.0078   -0.0080   0.0028   0.0020
 28.0  -106.0   -0.0080   -0.0092   0.0029   0.0007
 28.0  -105.0   -0.0071   -0.0094   0.0026   0.0007
 28.0  -104.0   -0.0070   -0.0097   0.0024   0.0008
 28.0  -103.0   -0.0071   -0.0097   0.0025   0.0009
 28.0  -102.0   -0.0066   -0.0097   0.0025   0.0009
 28.0  -101.0   -0.0061   -0.0098   0.0025   0.0009
 27.0  -110.0   -0.0077   -0.0065   0.0005   0.0019
 27.0  -109.0   -0.0072   -0.0066   0.0005   0.0019
 27.0  -108.0   -0.0067   -0.0067   0.0005   0.0019
 27.0  -107.0   -0.0066   -0.0084   0.0003   0.0006
 27.0  -106.0   -0.0061   -0.0085   0.0003   0.0006
 27.0  -105.0   -0.0056   -0.0086   0.0003   0.0006
 27.0  -104.0   -0.0066   -0.0090   0.0023   0.0007
 27.0  -103.0   -0.0052   -0.0091   0.0004   0.0008
 27.0  -102.0   -0.0060   -0.0092   0.0024   0.0008
 27.0  -101.0   -0.0057   -0.0097   0.0023   0.0002
 27.0  -100.0   -0.0048   -0.0097   0.0020   0.0003
 26.0  -110.0   -0.0077   -0.0059   0.0005   0.0019
 26.0  -109.0   -0.0072   -0.0060   0.0005   0.0019
 26.0  -108.0   -0.0071   -0.0078   0.0003   0.0006
 26.0  -107.0   -0.0066   -0.0078   0.0003   0.0006
 26.0  -106.0   -0.0061   -0.0079   0.0003   0.0006
 26.0  -105.0   -0.0056   -0.0080   0.0003   0.0006
 26.0  -104.0   -0.0054   -0.0083   0.0006   0.0007
 26.0  -103.0   -0.0052   -0.0085   0.0004   0.0007
 26.0  -102.0   -0.0040   -0.0089   0.0011   0.0003
 26.0  -101.0   -0.0041   -0.0089   0.0005   0.0003
 26.0  -100.0   -0.0041   -0.0091   0.0008   0.0004
 26.0   -99.0   -0.0036   -0.0091   0.0008   0.0004
 25.0  -109.0   -0.0073   -0.0059   0.0006   0.0019
 25.0  -108.0   -0.0071   -0.0072   0.0003   0.0006
 25.0  -107.0   -0.0066   -0.0073   0.0003   0.0006
 25.0  -106.0   -0.0061   -0.0073   0.0003   0.0006
 25.0  -105.0   -0.0056   -0.0074   0.0003   0.0006
 25.0  -104.0   -0.0055   -0.0080   0.0006   0.0004
 25.0  -103.0   -0.0045   -0.0083   0.0011   0.0003
 25.0  -102.0   -0.0040   -0.0083   0.0011   0.0003
 25.0  -101.0   -0.0035   -0.0084   0.0011   0.0003
 25.0  -100.0   -0.0041   -0.0085   0.0008   0.0004
 25.0   -99.0   -0.0036   -0.0085   0.0008   0.0004
 25.0   -98.0   -0.0031   -0.0086   0.0008   0.0004
 25.0   -79.0    0.0020   -0.0081   0.0001   0.0009
 25.0   -78.0    0.0025   -0.0081   0.0001   0.0009
 25.0   -77.0    0.0031   -0.0079   0.0002   0.0008
 24.0  -108.0   -0.0071   -0.0066   0.0003   0.0006
 24.0  -107.0   -0.0062   -0.0069   0.0008   0.0007
 24.0  -106.0   -0.0055   -0.0072   0.0009   0.0004
 24.0  -105.0   -0.0053   -0.0072   0.0008   0.0004
 24.0  -104.0   -0.0046   -0.0074   0.0008   0.0004
 24.0  -103.0   -0.0041   -0.0076   0.0009   0.0003
 24.0  -102.0   -0.0040   -0.0077   0.0011   0.0003
 24.0  -101.0   -0.0034   -0.0079   0.0012   0.0003
 24.0  -100.0   -0.0041   -0.0079   0.0008   0.0004
 24.0   -99.0   -0.0036   -0.0079   0.0008   0.0004
 24.0   -98.0   -0.0031   -0.0080   0.0008   0.0004
 24.0   -79.0    0.0021   -0.0082   0.0002   0.0008
 24.0   -78.0    0.0026   -0.0081   0.0002   0.0008
 24.0   -77.0    0.0030   -0.0080   0.0004   0.0009
 24.0   -76.0    0.0035   -0.0080   0.0004   0.0009
 24.0   -75.0    0.0040   -0.0079   0.0004   0.0009
 23.0  -107.0   -0.0060   -0.0067   0.0009   0.0004
 23.0  -106.0   -0.0055   -0.0067   0.0009   0.0004
 23.0  -105.0   -0.0050   -0.0067   0.0009   0.0004
 23.0  -104.0   -0.0046   -0.0069   0.0009   0.0003
 23.0  -103.0   -0.0041   -0.0070   0.0009   0.0003
 23.0  -102.0   -0.0037   -0.0072   0.0010   0.0004
 23.0  -101.0   -0.0032   -0.0073   0.0010   0.0004
 23.0  -100.0   -0.0039   -0.0073   0.0008   0.0004
 23.0   -99.0   -0.0036   -0.0074   0.0007   0.0003
 23.0   -98.0   -0.0031   -0.0074   0.0008   0.0004
 23.0   -97.0   -0.0030   -0.0072   0.0010   0.0005
 23.0   -79.0    0.0021   -0.0073   0.0002   0.0009
 23.0   -78.0    0.0026   -0.0073   0.0002   0.0009
 23.0   -77.0    0.0031   -0.0072   0.0002   0.0009
 23.0   -76.0    0.0034   -0.0079   0.0004   0.0002
 23.0   -75.0    0.0038   -0.0078   0.0004   0.0002
 23.0   -74.0    0.0043   -0.0078   0.0004   0.0002
 23.0   -73.0    0.0044   -0.0077   0.0002   0.0002
 22.0  -106.0   -0.0042   -0.0053   0.0026   0.0015
 22.0  -105.0   -0.0029   -0.0053   0.0028   0.0018
 22.0  -104.0   -0.0036   -0.0057   0.0026   0.0015
 22.0  -103.0   -0.0042   -0.0066   0.0010   0.0004
 22.0  -102.0   -0.0035   -0.0066   0.0010   0.0004
 22.0  -101.0   -0.0033   -0.0067   0.0010   0.0004
 22.0  -100.0   -0.0033   -0.0068   0.0013   0.0004
 22.0   -99.0   -0.0035   -0.0067   0.0008   0.0004
 22.0   -98.0   -0.0035   -0.0064   0.0010   0.0005
 22.0   -97.0   -0.0030   -0.0064   0.0010   0.0005
 22.0   -96.0   -0.0025   -0.0064   0.0010   0.0005
 22.0   -80.0    0.0017   -0.0064   0.0003   0.0006
 22.0   -79.0    0.0022   -0.0064   0.0003   0.0006
 22.0   -78.0    0.0028   -0.0068   0.0003   0.0006
 22.0   -77.0    0.0032   -0.0070   0.0002   0.0005
 22.0   -76.0    0.0037   -0.0069   0.0002   0.0005
 22.0   -75.0    0.0039   -0.0071   0.0004   0.0005
 22.0   -74.0    0.0043   -0.0072   0.0004   0.0002
 22.0   -73.0    0.0040   -0.0058   0.0008   0.0024
 22.0   -72.0    0.0043   -0.0051   0.0009   0.0026
 21.0  -106.0   -0.0034   -0.0047   0.0028   0.0018
 21.0  -105.0   -0.0029   -0.0047   0.0028   0.0018
 21.0  -104.0   -0.0025   -0.0048   0.0030   0.0019
 21.0  -103.0   -0.0022   -0.0050   0.0030   0.0018
 21.0  -102.0   -0.0037   -0.0060   0.0010   0.0004
 21.0  -101.0   -0.0034   -0.0061   0.0010   0.0004
 21.0  -100.0   -0.0037   -0.0058   0.0005   0.0004
 21.0   -99.0   -0.0042   -0.0059   0.0007   0.0005
 21.0   -98.0   -0.0040   -0.0058   0.0006   0.0006
 21.0   -97.0   -0.0035   -0.0058   0.0006   0.0006
 21.0   -96.0   -0.0030   -0.0058   0.0006   0.0006
 21.0   -95.0   -0.0026   -0.0063   0.0005   0.0008
 21.0   -94.0   -0.0021   -0.0068   0.0005   0.0002
 21.0   -93.0   -0.0020   -0.0068   0.0008   0.0002
 21.0   -92.0   -0.0016   -0.0068   0.0008   0.0002
 21.0   -91.0   -0.0019   -0.0068   0.0005   0.0001
 21.0   -90.0   -0.0014   -0.0068   0.0005   0.0001
 21.0   -89.0   -0.0009   -0.0067   0.0005   0.0001
 21.0   -88.0   -0.0010   -0.0068   0.0004   0.0003
 21.0   -87.0   -0.0007   -0.0068   0.0002   0.0003
 21.0   -86.0   -0.0002   -0.0068   0.0002   0.0003
 21.0   -85.0    0.0004   -0.0068   0.0002   0.0003
 21.0   -84.0    0.0004   -0.0070   0.0006   0.0003
 21.0   -83.0    0.0003   -0.0061   0.0002   0.0008
 21.0   -82.0    0.0008   -0.0060   0.0002   0.0008
 21.0   -81.0    0.0013   -0.0060   0.0002   0.0008
 21.0   -80.0    0.0017   -0.0061   0.0003   0.0008
 21.0   -79.0    0.0022   -0.0057   0.0003   0.0006
 21.0   -78.0    0.0027   -0.0059   0.0003   0.0005
 21.0   -77.0    0.0033   -0.0062   0.0003   0.0006
 21.0   -76.0    0.0034   -0.0062   0.0002   0.0004
 21.0   -75.0    0.0040   -0.0064   0.0003   0.0005
 21.0   -74.0    0.0037   -0.0043   0.0011   0.0024
 21.0   -73.0    0.0038   -0.0046   0.0009   0.0026
 21.0   -72.0    0.0045   -0.0035   0.0008   0.0028
 21.0   -71.0    0.0051   -0.0036   0.0012   0.0023
 20.0  -106.0   -0.0043   -0.0044   0.0029   0.0016
 20.0  -105.0   -0.0028   -0.0039   0.0030   0.0018
 20.0  -104.0   -0.0017   -0.0036   0.0029   0.0018
 20.0  -103.0   -0.0016   -0.0039   0.0029   0.0018
 20.0  -102.0   -0.0018   -0.0045   0.0030   0.0018
 20.0  -101.0   -0.0042   -0.0052   0.0005   0.0004
 20.0  -100.0   -0.0046   -0.0051   0.0008   0.0005
 20.0   -99.0   -0.0041   -0.0050   0.0008   0.0005
 20.0   -98.0   -0.0040   -0.0052   0.0006   0.0006
 20.0   -97.0   -0.0035   -0.0052   0.0006   0.0006
 20.0   -96.0   -0.0013   -0.0054   0.0029   0.0005
 20.0   -95.0   -0.0007   -0.0056   0.0028   0.0007
 20.0   -94.0   -0.0015   -0.0059   0.0024   0.0011
 20.0   -93.0   -0.0022   -0.0066   0.0008   0.0007
 20.0   -92.0   -0.0015   -0.0062   0.0008   0.0002
 20.0   -91.0   -0.0015   -0.0066   0.0008   0.0007
 20.0   -90.0   -0.0014   -0.0062   0.0005   0.0001
 20.0   -89.0   -0.0009   -0.0063   0.0005   0.0003
 20.0   -88.0   -0.0010   -0.0064   0.0003   0.0004
 20.0   -87.0   -0.0007   -0.0062   0.0002   0.0003
 20.0   -86.0   -0.0002   -0.0062   0.0002   0.0003
 20.0   -85.0    0.0004   -0.0048   0.0001   0.0020
 20.0   -84.0    0.0005   -0.0053   0.0006   0.0019
 20.0   -83.0    0.0005   -0.0045   0.0007   0.0019
 20.0   -82.0    0.0008   -0.0054   0.0002   0.0008
 20.0   -81.0    0.0013   -0.0054   0.0002   0.0007
 20.0   -80.0    0.0018   -0.0053   0.0002   0.0007
 20.0   -79.0    0.0022   -0.0051   0.0003   0.0006
 20.0   -78.0    0.0027   -0.0051   0.0003   0.0005
 20.0   -77.0    0.0046    0.0019   0.0013   0.0061
 20.0   -76.0    0.0041   -0.0026   0.0011   0.0048
 20.0   -75.0    0.0052   -0.0021   0.0022   0.0061
 20.0   -74.0    0.0037   -0.0037   0.0011   0.0024
 20.0   -73.0    0.0039   -0.0019   0.0009   0.0026
 20.0   -72.0    0.0049   -0.0006   0.0011   0.0035
 20.0   -71.0    0.0055    0.0005   0.0012   0.0046
 19.0  -105.0   -0.0027   -0.0032   0.0030   0.0018
 19.0  -104.0   -0.0006   -0.0024   0.0026   0.0015
 19.0  -103.0   -0.0030   -0.0031   0.0030   0.0016
 19.0  -102.0   -0.0023   -0.0034   0.0035   0.0017
 19.0  -101.0   -0.0024   -0.0037   0.0035   0.0017
 19.0  -100.0   -0.0046   -0.0045   0.0008   0.0004
 19.0   -99.0   -0.0034   -0.0045   0.0023   0.0004
 19.0   -98.0   -0.0039   -0.0043   0.0020   0.0002
 19.0   -97.0   -0.0017   -0.0044   0.0028   0.0003
 19.0   -96.0   -0.0012   -0.0050   0.0028   0.0007
 19.0   -95.0   -0.0007   -0.0050   0.0028   0.0007
 19.0   -94.0   -0.0003   -0.0050   0.0025   0.0008
 19.0   -93.0   -0.0014   -0.0056   0.0013   0.0013
 19.0   -92.0   -0.0015   -0.0062   0.0007   0.0007
 19.0   -91.0   -0.0010   -0.0063   0.0007   0.0007
 19.0   -90.0   -0.0013   -0.0062   0.0005   0.0007
 19.0   -89.0   -0.0010   -0.0062   0.0005   0.0005
 19.0   -88.0   -0.0008   -0.0062   0.0002   0.0006
 19.0   -87.0   -0.0004   -0.0057   0.0003   0.0004
 19.0   -86.0    0.0000   -0.0058   0.0003   0.0004
 19.0   -85.0    0.0004   -0.0042   0.0001   0.0020
 19.0   -84.0    0.0006   -0.0047   0.0006   0.0019
 19.0   -83.0    0.0006   -0.0038   0.0006   0.0019
 19.0   -82.0    0.0008   -0.0050   0.0002   0.0008
 19.0   -81.0    0.0013   -0.0049   0.0002   0.0007
 19.0   -80.0    0.0018   -0.0047   0.0002   0.0007
 19.0   -79.0    0.0034    0.0009   0.0012   0.0057
 19.0   -78.0    0.0052    0.0075   0.0001   0.0006
 19.0   -77.0    0.0051    0.0045   0.0011   0.0052
 19.0   -76.0    0.0058    0.0055   0.0011   0.0051
 19.0   -75.0    0.0067    0.0052   0.0017   0.0056
 19.0   -74.0    0.0052    0.0035   0.0026   0.0053
 19.0   -73.0    0.0059    0.0052   0.0025   0.0041
 19.0   -72.0    0.0055    0.0031   0.0014   0.0044
 19.0   -71.0    0.0059    0.0033   0.0013   0.0043
 19.0   -70.0    0.0067    0.0024   0.0011   0.0045
 19.0   -69.0    0.0071    0.0038   0.0011   0.0047
 19.0   -68.0    0.0103    0.0088   0.0015   0.0010
 19.0   -67.0    0.0118    0.0094   0.0009   0.0008
 19.0   -66.0    0.0125    0.0099   0.0004   0.0006
 19.0   -65.0    0.0128    0.0098   0.0004   0.0006
 19.0   -64.0    0.0133    0.0099   0.0004   0.0007
 19.0   -63.0    0.0142    0.0099   0.0004   0.0004
 18.0  -103.0   -0.0024   -0.0026   0.0035   0.0017
 18.0  -102.0   -0.0024   -0.0029   0.0035   0.0017
 18.0  -101.0   -0.0027   -0.0026   0.0039   0.0014
 18.0  -100.0   -0.0033   -0.0039   0.0024   0.0004
 18.0   -99.0   -0.0028   -0.0038   0.0028   0.0003
 18.0   -98.0   -0.0022   -0.0039   0.0028   0.0003
 18.0   -97.0   -0.0011   -0.0039   0.0027   0.0003
 18.0   -96.0   -0.0012   -0.0044   0.0028   0.0007
 18.0   -95.0   -0.0006   -0.0041   0.0025   0.0008
 18.0   -94.0    0.0001   -0.0042   0.0022   0.0009
 18.0   -93.0   -0.0011   -0.0050   0.0013   0.0014
 18.0   -92.0   -0.0006   -0.0051   0.0013   0.0014
 18.0   -91.0   -0.0027   -0.0074   0.0010   0.0015
 18.0   -90.0   -0.0022   -0.0071   0.0010   0.0014
 18.0   -89.0   -0.0016   -0.0067   0.0009   0.0011
 18.0   -88.0   -0.0008   -0.0057   0.0002   0.0006
 18.0   -87.0    0.0013   -0.0015   0.0027   0.0069
 18.0   -86.0    0.0023    0.0014   0.0029   0.0067
 18.0   -85.0    0.0029    0.0014   0.0029   0.0067
 18.0   -84.0    0.0027    0.0014   0.0034   0.0067
 18.0   -83.0    0.0008   -0.0028   0.0006   0.0018
 18.0   -82.0    0.0011   -0.0033   0.0006   0.0019
 18.0   -81.0    0.0013   -0.0042   0.0002   0.0008
 18.0   -80.0    0.0018   -0.0042   0.0002   0.0008
 18.0   -79.0    0.0034    0.0012   0.0015   0.0064
 18.0   -78.0    0.0054    0.0086   0.0003   0.0010
 18.0   -77.0    0.0059    0.0086   0.0003   0.0009
 18.0   -76.0    0.0064    0.0086   0.0003   0.0010
 18.0   -75.0    0.0073    0.0088   0.0009   0.0009
 18.0   -74.0    0.0073    0.0090   0.0020   0.0009
 18.0   -73.0    0.0076    0.0093   0.0019   0.0011
 18.0   -72.0    0.0068    0.0074   0.0020   0.0034
 18.0   -71.0    0.0069    0.0083   0.0009   0.0027
 18.0   -70.0    0.0069    0.0063   0.0012   0.0041
 18.0   -69.0    0.0081    0.0082   0.0016   0.0013
 18.0   -68.0    0.0105    0.0094   0.0014   0.0009
 18.0   -67.0    0.0121    0.0103   0.0009   0.0007
 18.0   -66.0    0.0124    0.0104   0.0004   0.0006
 18.0   -65.0    0.0127    0.0105   0.0004   0.0006
 18.0   -64.0    0.0133    0.0105   0.0004   0.0007
 18.0   -63.0    0.0157    0.0107   0.0032   0.0011
 18.0   -62.0    0.0167    0.0107   0.0034   0.0011
 18.0   -61.0    0.0178    0.0109   0.0036   0.0012
 17.0  -101.0   -0.0027   -0.0020   0.0040   0.0014
 17.0  -100.0   -0.0030   -0.0032   0.0028   0.0003
 17.0   -99.0   -0.0025   -0.0033   0.0028   0.0003
 17.0   -98.0   -0.0017   -0.0033   0.0028   0.0003
 17.0   -97.0    0.0007   -0.0035   0.0023   0.0003
 17.0   -96.0   -0.0012   -0.0038   0.0028   0.0007
 17.0   -95.0    0.0004   -0.0036   0.0023   0.0009
 17.0   -94.0    0.0004   -0.0036   0.0022   0.0009
 17.0   -93.0   -0.0018   -0.0048   0.0017   0.0014
 17.0   -92.0   -0.0021   -0.0057   0.0019   0.0019
 17.0   -91.0   -0.0023   -0.0061   0.0016   0.0017
 17.0   -90.0   -0.0023   -0.0065   0.0008   0.0012
 17.0   -89.0   -0.0014   -0.0057   0.0010   0.0023
 17.0   -88.0    0.0002   -0.0025   0.0024   0.0062
 17.0   -87.0    0.0028    0.0025   0.0027   0.0074
 17.0   -86.0    0.0022    0.0015   0.0027   0.0067
 17.0   -85.0    0.0033    0.0042   0.0026   0.0070
 17.0   -84.0    0.0045    0.0073   0.0027   0.0053
 17.0   -83.0    0.0023    0.0016   0.0023   0.0066
 17.0   -82.0    0.0020   -0.0001   0.0020   0.0056
 17.0   -81.0    0.0016   -0.0027   0.0007   0.0019
 17.0   -80.0    0.0026   -0.0000   0.0014   0.0061
 17.0   -79.0    0.0049    0.0091   0.0003   0.0010
 17.0   -78.0    0.0054    0.0092   0.0003   0.0010
 17.0   -77.0    0.0060    0.0095   0.0004   0.0010
 17.0   -76.0    0.0065    0.0096   0.0004   0.0010
 17.0   -75.0    0.0076    0.0095   0.0010   0.0009
 17.0   -74.0    0.0073    0.0096   0.0020   0.0009
 17.0   -73.0    0.0076    0.0098   0.0019   0.0011
 17.0   -72.0    0.0068    0.0100   0.0010   0.0011
 17.0   -71.0    0.0073    0.0101   0.0010   0.0009
 17.0   -70.0    0.0072    0.0093   0.0003   0.0008
 17.0   -69.0    0.0078    0.0087   0.0006   0.0002
 17.0   -68.0    0.0113    0.0104   0.0011   0.0009
 17.0   -67.0    0.0122    0.0108   0.0003   0.0002
 17.0   -66.0    0.0124    0.0110   0.0004   0.0006
 17.0   -65.0    0.0127    0.0111   0.0004   0.0007
 17.0   -64.0    0.0150    0.0110   0.0032   0.0011
 17.0   -63.0    0.0159    0.0112   0.0034   0.0011
 17.0   -62.0    0.0162    0.0114   0.0033   0.0011
 17.0   -61.0    0.0169    0.0115   0.0035   0.0011
 17.0   -60.0    0.0155    0.0117   0.0006   0.0003
 16.0   -98.0   -0.0019   -0.0027   0.0028   0.0003
 16.0   -97.0   -0.0011   -0.0027   0.0028   0.0003
 16.0   -96.0   -0.0011   -0.0029   0.0025   0.0008
 16.0   -95.0    0.0004   -0.0030   0.0023   0.0009
 16.0   -94.0   -0.0029   -0.0045   0.0017   0.0014
 16.0   -93.0   -0.0026   -0.0046   0.0018   0.0016
 16.0   -92.0   -0.0014   -0.0044   0.0014   0.0013
 16.0   -91.0   -0.0022   -0.0052   0.0022   0.0025
 16.0   -90.0   -0.0023   -0.0057   0.0014   0.0035
 16.0   -89.0   -0.0012   -0.0043   0.0018   0.0044
 16.0   -88.0    0.0007    0.0000   0.0029   0.0072
 16.0   -87.0    0.0042    0.0062   0.0019   0.0047
 16.0   -86.0    0.0035    0.0065   0.0027   0.0046
 16.0   -85.0    0.0040    0.0079   0.0027   0.0053
 16.0   -84.0    0.0045    0.0079   0.0027   0.0053
 16.0   -83.0    0.0036    0.0073   0.0016   0.0051
 16.0   -82.0    0.0042    0.0076   0.0016   0.0051
 16.0   -81.0    0.0047    0.0077   0.0016   0.0051
 16.0   -80.0    0.0043    0.0071   0.0017   0.0061
 16.0   -79.0    0.0054    0.0111   0.0001   0.0006
 16.0   -78.0    0.0054    0.0097   0.0003   0.0010
 16.0   -77.0    0.0061    0.0102   0.0003   0.0010
 16.0   -76.0    0.0065    0.0100   0.0004   0.0010
 16.0   -75.0    0.0073    0.0099   0.0009   0.0009
 16.0   -74.0    0.0073    0.0102   0.0020   0.0009
 16.0   -73.0    0.0076    0.0104   0.0019   0.0011
 16.0   -72.0    0.0068    0.0105   0.0010   0.0011
 16.0   -71.0    0.0068    0.0097   0.0010   0.0016
 16.0   -70.0    0.0077    0.0103   0.0009   0.0010
 16.0   -69.0    0.0087    0.0099   0.0017   0.0010
 16.0   -68.0    0.0113    0.0109   0.0011   0.0009
 16.0   -67.0    0.0123    0.0115   0.0003   0.0002
 16.0   -66.0    0.0123    0.0121   0.0003   0.0008
 16.0   -65.0    0.0126    0.0117   0.0003   0.0008
 16.0   -64.0    0.0162    0.0118   0.0039   0.0014
 16.0   -63.0    0.0161    0.0119   0.0037   0.0012
 16.0   -62.0    0.0163    0.0121   0.0035   0.0012
 16.0   -61.0    0.0167    0.0122   0.0036   0.0012
 16.0   -60.0    0.0145    0.0126   0.0003   0.0008
 15.0   -93.0   -0.0022   -0.0039   0.0019   0.0018
 15.0   -92.0   -0.0015   -0.0031   0.0028   0.0026
 15.0   -91.0   -0.0006   -0.0026   0.0028   0.0039
 15.0   -90.0   -0.0007   -0.0016   0.0023   0.0047
 15.0   -89.0    0.0004    0.0001   0.0025   0.0052
 15.0   -88.0    0.0020    0.0068   0.0012   0.0032
 15.0   -87.0    0.0040    0.0099   0.0013   0.0018
 15.0   -86.0    0.0046    0.0100   0.0013   0.0019
 15.0   -85.0    0.0053    0.0106   0.0012   0.0021
 15.0   -84.0    0.0045    0.0085   0.0027   0.0053
 15.0   -83.0    0.0039    0.0096   0.0016   0.0050
 15.0   -82.0    0.0052    0.0122   0.0006   0.0005
 15.0   -81.0    0.0057    0.0122   0.0006   0.0005
 15.0   -80.0    0.0055    0.0120   0.0005   0.0006
 15.0   -79.0    0.0054    0.0110   0.0007   0.0012
 15.0   -78.0    0.0056    0.0108   0.0003   0.0010
 15.0   -77.0    0.0060    0.0105   0.0004   0.0010
 15.0   -76.0    0.0065    0.0105   0.0004   0.0010
 15.0   -75.0    0.0073    0.0107   0.0008   0.0010
 15.0   -74.0    0.0094    0.0112   0.0013   0.0004
 15.0   -73.0    0.0098    0.0109   0.0031   0.0008
 15.0   -72.0    0.0102    0.0118   0.0016   0.0006
 15.0   -71.0    0.0107    0.0118   0.0016   0.0006
 15.0   -70.0    0.0101    0.0116   0.0021   0.0008
 15.0   -69.0    0.0104    0.0114   0.0020   0.0012
 15.0   -68.0    0.0120    0.0121   0.0004   0.0002
 15.0   -67.0    0.0121    0.0122   0.0005   0.0006
 15.0   -66.0    0.0122    0.0124   0.0004   0.0009
 15.0   -65.0    0.0144    0.0122   0.0033   0.0011
 15.0   -64.0    0.0162    0.0123   0.0039   0.0013
 15.0   -63.0    0.0165    0.0125   0.0040   0.0013
 15.0   -62.0    0.0152    0.0129   0.0033   0.0012
 15.0   -61.0    0.0141    0.0132   0.0003   0.0006
 15.0   -60.0    0.0145    0.0134   0.0003   0.0006
 15.0   -59.0    0.0148    0.0131   0.0004   0.0008
 14.0   -92.0    0.0003   -0.0015   0.0033   0.0030
 14.0   -91.0    0.0022    0.0012   0.0030   0.0042
 14.0   -90.0    0.0018    0.0026   0.0029   0.0048
 14.0   -89.0    0.0015    0.0044   0.0022   0.0048
 14.0   -88.0    0.0020    0.0076   0.0012   0.0032
 14.0   -87.0    0.0033    0.0090   0.0015   0.0011
 14.0   -86.0    0.0045    0.0088   0.0013   0.0012
 14.0   -85.0    0.0052    0.0095   0.0012   0.0022
 14.0   -84.0    0.0051    0.0114   0.0013   0.0019
 14.0   -83.0    0.0050    0.0128   0.0006   0.0005
 14.0   -82.0    0.0052    0.0128   0.0006   0.0005
 14.0   -81.0    0.0056    0.0128   0.0006   0.0005
 14.0   -80.0    0.0062    0.0128   0.0006   0.0005
 14.0   -79.0    0.0060    0.0126   0.0005   0.0006
 14.0   -78.0    0.0064    0.0111   0.0015   0.0018
 14.0   -77.0    0.0086    0.0104   0.0024   0.0019
 14.0   -76.0    0.0098    0.0104   0.0025   0.0018
 14.0   -75.0    0.0123    0.0098   0.0011   0.0014
 14.0   -74.0    0.0128    0.0109   0.0013   0.0004
 14.0   -73.0    0.0133    0.0109   0.0013   0.0004
 14.0   -72.0    0.0124    0.0118   0.0018   0.0008
 14.0   -71.0    0.0114    0.0123   0.0008   0.0006
 14.0   -70.0    0.0119    0.0123   0.0008   0.0006
 14.0   -69.0    0.0123    0.0124   0.0008   0.0006
 14.0   -68.0    0.0120    0.0127   0.0004   0.0001
 14.0   -67.0    0.0125    0.0127   0.0004   0.0002
 14.0   -66.0    0.0126    0.0128   0.0006   0.0007
 14.0   -65.0    0.0126    0.0129   0.0016   0.0013
 14.0   -64.0    0.0125    0.0134   0.0005   0.0007
 14.0   -63.0    0.0129    0.0135   0.0006   0.0007
 14.0   -62.0    0.0134    0.0135   0.0006   0.0007
 14.0   -61.0    0.0138    0.0142   0.0005   0.0005
 14.0   -60.0    0.0145    0.0138   0.0004   0.0007
 14.0   -59.0    0.0149    0.0134   0.0004   0.0006
 14.0   -58.0    0.0154    0.0136   0.0004   0.0006
 13.0   -89.0    0.0028    0.0075   0.0021   0.0042
 13.0   -88.0    0.0021    0.0100   0.0008   0.0009
 13.0   -87.0    0.0038    0.0095   0.0012   0.0012
 13.0   -86.0    0.0047    0.0093   0.0013   0.0012
 13.0   -85.0    0.0051    0.0107   0.0013   0.0020
 13.0   -84.0    0.0052    0.0116   0.0013   0.0022
 13.0   -83.0    0.0047    0.0133   0.0006   0.0005
 13.0   -82.0    0.0051    0.0133   0.0006   0.0005
 13.0   -81.0    0.0055    0.0134   0.0006   0.0005
 13.0   -80.0    0.0062    0.0134   0.0006   0.0005
 13.0   -79.0    0.0086    0.0147   0.0026   0.0015
 13.0   -78.0    0.0085    0.0113   0.0019   0.0023
 13.0   -77.0    0.0102    0.0101   0.0017   0.0019
 13.0   -76.0    0.0121    0.0095   0.0008   0.0012
 13.0   -75.0    0.0126    0.0095   0.0008   0.0012
 13.0   -74.0    0.0130    0.0109   0.0012   0.0009
 13.0   -73.0    0.0133    0.0115   0.0013   0.0004
 13.0   -72.0    0.0124    0.0123   0.0018   0.0007
 13.0   -71.0    0.0115    0.0127   0.0007   0.0005
 13.0   -70.0    0.0117    0.0130   0.0007   0.0005
 13.0   -69.0    0.0121    0.0130   0.0007   0.0005
 13.0   -68.0    0.0128    0.0130   0.0008   0.0006
 13.0   -67.0    0.0133    0.0123   0.0014   0.0016
 13.0   -66.0    0.0123    0.0134   0.0012   0.0004
 13.0   -65.0    0.0122    0.0138   0.0007   0.0007
 13.0   -64.0    0.0125    0.0138   0.0007   0.0006
 13.0   -63.0    0.0126    0.0137   0.0006   0.0007
 13.0   -62.0    0.0134    0.0139   0.0007   0.0006
 13.0   -61.0    0.0137    0.0139   0.0005   0.0007
 13.0   -60.0    0.0142    0.0138   0.0006   0.0006
 13.0   -59.0    0.0149    0.0138   0.0004   0.0006
 13.0   -58.0    0.0154    0.0140   0.0004   0.0006
 12.0   -88.0    0.0029    0.0104   0.0019   0.0012
 12.0   -87.0    0.0053    0.0089   0.0021   0.0020
 12.0   -86.0    0.0063    0.0086   0.0024   0.0022
 12.0   -85.0    0.0069    0.0086   0.0024   0.0022
 12.0   -84.0    0.0110    0.0111   0.0048   0.0022
 12.0   -83.0    0.0060    0.0146   0.0022   0.0023
 12.0   -82.0    0.0069    0.0151   0.0026   0.0016
 12.0   -81.0    0.0065    0.0151   0.0018   0.0016
 12.0   -80.0    0.0073    0.0148   0.0023   0.0014
 12.0   -79.0    0.0088    0.0154   0.0026   0.0015
 12.0   -78.0    0.0099    0.0129   0.0019   0.0034
 12.0   -77.0    0.0102    0.0106   0.0017   0.0019
 12.0   -76.0    0.0107    0.0106   0.0017   0.0019
 12.0   -75.0    0.0117    0.0109   0.0017   0.0017
 12.0   -74.0    0.0136    0.0102   0.0009   0.0014
 12.0   -73.0    0.0138    0.0112   0.0014   0.0015
 12.0   -72.0    0.0134    0.0113   0.0011   0.0014
 12.0   -71.0    0.0125    0.0119   0.0012   0.0020
 12.0   -70.0    0.0117    0.0135   0.0007   0.0005
 12.0   -69.0    0.0119    0.0136   0.0009   0.0014
 12.0   -68.0    0.0130    0.0127   0.0014   0.0021
 12.0   -67.0    0.0139    0.0126   0.0013   0.0019
 12.0   -66.0    0.0123    0.0139   0.0012   0.0004
 12.0   -65.0    0.0116    0.0135   0.0005   0.0007
 12.0   -64.0    0.0121    0.0136   0.0005   0.0007
 12.0   -63.0    0.0125    0.0136   0.0005   0.0007
 12.0   -62.0    0.0129    0.0133   0.0005   0.0008
 12.0   -61.0    0.0134    0.0137   0.0005   0.0009
 12.0   -60.0    0.0138    0.0136   0.0005   0.0008
 12.0   -59.0    0.0143    0.0139   0.0005   0.0010
 12.0   -58.0    0.0147    0.0138   0.0005   0.0010
 11.0   -87.0    0.0068    0.0071   0.0013   0.0016
 11.0   -86.0    0.0104    0.0099   0.0057   0.0028
 11.0   -85.0    0.0109    0.0099   0.0050   0.0024
 11.0   -84.0    0.0124    0.0125   0.0052   0.0048
 11.0   -83.0    0.0146    0.0153   0.0050   0.0046
 11.0   -82.0    0.0080    0.0172   0.0022   0.0012
 11.0   -81.0    0.0082    0.0167   0.0019   0.0012
 11.0   -80.0    0.0113    0.0177   0.0006   0.0004
 11.0   -79.0    0.0118    0.0177   0.0006   0.0004
 11.0   -78.0    0.0118    0.0179   0.0018   0.0024
 11.0   -77.0    0.0102    0.0112   0.0017   0.0019
 11.0   -76.0    0.0110    0.0114   0.0016   0.0015
 11.0   -75.0    0.0122    0.0107   0.0015   0.0015
 11.0   -74.0    0.0136    0.0109   0.0014   0.0018
 11.0   -73.0    0.0143    0.0105   0.0011   0.0016
 11.0   -72.0    0.0139    0.0113   0.0014   0.0016
 11.0   -71.0    0.0132    0.0123   0.0016   0.0017
 11.0   -70.0    0.0125    0.0128   0.0014   0.0021
 11.0   -69.0    0.0126    0.0131   0.0014   0.0021
 11.0   -68.0    0.0132    0.0130   0.0015   0.0021
 11.0   -67.0    0.0138    0.0130   0.0015   0.0021
 11.0   -66.0    0.0124    0.0143   0.0009   0.0006
 11.0   -65.0    0.0116    0.0141   0.0005   0.0007
 11.0   -64.0    0.0120    0.0137   0.0005   0.0008
 11.0   -63.0    0.0124    0.0137   0.0005   0.0008
 11.0   -62.0    0.0129    0.0138   0.0005   0.0008
 11.0   -61.0    0.0133    0.0138   0.0005   0.0008
 11.0   -60.0    0.0138    0.0140   0.0004   0.0008
 11.0   -59.0    0.0142    0.0136   0.0002   0.0005
 11.0   -58.0    0.0147    0.0137   0.0002   0.0005
 10.0   -86.0    0.0116    0.0105   0.0058   0.0031
 10.0   -85.0    0.0133    0.0127   0.0054   0.0046
 10.0   -84.0    0.0145    0.0141   0.0054   0.0055
 10.0   -83.0    0.0094    0.0184   0.0038   0.0049
 10.0   -82.0    0.0140    0.0213   0.0058   0.0025
 10.0   -81.0    0.0101    0.0194   0.0017   0.0018
 10.0   -80.0    0.0108    0.0196   0.0017   0.0017
 10.0   -79.0    0.0120    0.0196   0.0006   0.0018
 10.0   -78.0    0.0123    0.0203   0.0004   0.0020
 10.0   -77.0    0.0107    0.0174   0.0016   0.0041
 10.0   -76.0    0.0109    0.0130   0.0012   0.0032
 10.0   -75.0    0.0118    0.0122   0.0018   0.0032
 10.0   -74.0    0.0125    0.0105   0.0017   0.0018
 10.0   -73.0    0.0142    0.0096   0.0009   0.0005
 10.0   -72.0    0.0144    0.0098   0.0007   0.0002
 10.0   -71.0    0.0143    0.0081   0.0007   0.0024
 10.0   -70.0    0.0119    0.0026   0.0015   0.0057
 10.0   -69.0    0.0120    0.0026   0.0015   0.0057
 10.0   -68.0    0.0126    0.0027   0.0011   0.0041
 10.0   -67.0    0.0124    0.0014   0.0010   0.0036
 10.0   -66.0    0.0123    0.0022   0.0013   0.0050
 10.0   -65.0    0.0124    0.0023   0.0013   0.0050
 10.0   -64.0    0.0119    0.0013   0.0008   0.0017
 10.0   -63.0    0.0119    0.0003   0.0007   0.0023
 10.0   -62.0    0.0121    0.0003   0.0008   0.0024
 10.0   -61.0    0.0121   -0.0001   0.0008   0.0025
  9.0   -84.0    0.0150    0.0172   0.0048   0.0050
  9.0   -83.0    0.0144    0.0186   0.0049   0.0049
  9.0   -82.0    0.0128    0.0215   0.0058   0.0023
  9.0   -81.0    0.0112    0.0203   0.0023   0.0021
  9.0   -80.0    0.0107    0.0198   0.0016   0.0017
  9.0   -79.0    0.0115    0.0203   0.0016   0.0020
  9.0   -78.0    0.0121    0.0200   0.0007   0.0020
  9.0   -77.0    0.0112    0.0175   0.0011   0.0041
  9.0   -76.0    0.0112    0.0138   0.0014   0.0031
  9.0   -75.0    0.0118    0.0123   0.0016   0.0032
  9.0   -74.0    0.0129    0.0103   0.0013   0.0018
  9.0   -73.0    0.0136    0.0081   0.0009   0.0028
  9.0   -72.0    0.0135    0.0069   0.0005   0.0025
  9.0   -71.0    0.0127    0.0038   0.0017   0.0056
  9.0   -70.0    0.0129    0.0039   0.0017   0.0056
  9.0   -69.0    0.0120    0.0027   0.0015   0.0057
  9.0   -68.0    0.0122    0.0022   0.0013   0.0050
  9.0   -67.0    0.0117   -0.0003   0.0008   0.0020
  9.0   -66.0    0.0117    0.0001   0.0008   0.0020
  9.0   -65.0    0.0118    0.0005   0.0008   0.0020
  9.0   -64.0    0.0118   -0.0001   0.0007   0.0023
  9.0   -63.0    0.0119   -0.0000   0.0007   0.0024
  9.0   -62.0    0.0121    0.0001   0.0008   0.0025
  9.0   -61.0    0.0120   -0.0008   0.0007   0.0025
  8.0   -83.0    0.0161    0.0227   0.0054   0.0021
  8.0   -82.0    0.0132    0.0226   0.0053   0.0020
  8.0   -81.0    0.0108    0.0209   0.0021   0.0020
  8.0   -80.0    0.0106    0.0201   0.0017   0.0017
  8.0   -79.0    0.0114    0.0204   0.0016   0.0020
  8.0   -78.0    0.0121    0.0202   0.0008   0.0025
  8.0   -77.0    0.0118    0.0184   0.0013   0.0043
  8.0   -76.0    0.0116    0.0138   0.0011   0.0033
  8.0   -75.0    0.0134    0.0089   0.0010   0.0032
  8.0   -74.0    0.0133    0.0078   0.0008   0.0028
  8.0   -73.0    0.0135    0.0061   0.0006   0.0018
  8.0   -72.0    0.0131    0.0048   0.0012   0.0038
  8.0   -71.0    0.0122    0.0007   0.0016   0.0036
  8.0   -70.0    0.0124    0.0007   0.0017   0.0037
  8.0   -69.0    0.0121    0.0010   0.0016   0.0035
  8.0   -68.0    0.0129    0.0031   0.0014   0.0042
  8.0   -67.0    0.0117   -0.0003   0.0008   0.0021
  8.0   -66.0    0.0117   -0.0000   0.0008   0.0021
  8.0   -65.0    0.0118    0.0003   0.0008   0.0021
  8.0   -64.0    0.0121    0.0000   0.0006   0.0024
  8.0   -63.0    0.0122    0.0001   0.0006   0.0024
  8.0   -62.0    0.0120   -0.0007   0.0007   0.0025
  8.0   -61.0    0.0122   -0.0017   0.0007   0.0017
  8.0   -60.0    0.0119   -0.0026   0.0007   0.0020
  8.0   -59.0    0.0116   -0.0034   0.0001   0.0003
  7.0   -78.0    0.0119    0.0203   0.0010   0.0029
  7.0   -77.0    0.0131    0.0101   0.0019   0.0055
  7.0   -76.0    0.0138    0.0089   0.0014   0.0043
  7.0   -75.0    0.0142    0.0063   0.0006   0.0020
  7.0   -74.0    0.0144    0.0060   0.0007   0.0024
  7.0   -73.0    0.0135    0.0054   0.0009   0.0020
  7.0   -72.0    0.0130    0.0035   0.0014   0.0035
  7.0   -71.0    0.0110   -0.0017   0.0012   0.0026
  7.0   -70.0    0.0120   -0.0001   0.0016   0.0035
  7.0   -69.0    0.0127    0.0015   0.0017   0.0038
  7.0   -68.0    0.0127    0.0019   0.0016   0.0033
  7.0   -67.0    0.0117   -0.0003   0.0008   0.0021
  7.0   -66.0    0.0117   -0.0001   0.0008   0.0021
  7.0   -65.0    0.0117   -0.0007   0.0007   0.0024
  7.0   -64.0    0.0121   -0.0001   0.0006   0.0024
  7.0   -63.0    0.0122   -0.0001   0.0006   0.0024
  7.0   -62.0    0.0122   -0.0016   0.0007   0.0017
  7.0   -61.0    0.0121   -0.0019   0.0007   0.0016
  7.0   -60.0    0.0116   -0.0034   0.0002   0.0002
  7.0   -59.0    0.0116   -0.0034   0.0001   0.0003
  7.0   -58.0    0.0116   -0.0033   0.0001   0.0003
  6.0   -78.0    0.0130    0.0100   0.0018   0.0052
  6.0   -77.0    0.0144    0.0044   0.0005   0.0015
  6.0   -76.0    0.0145    0.0049   0.0005   0.0014
  6.0   -75.0    0.0143    0.0043   0.0009   0.0020
  6.0   -74.0    0.0140    0.0042   0.0010   0.0020
  6.0   -73.0    0.0134    0.0033   0.0011   0.0021
  6.0   -72.0    0.0123    0.0017   0.0013   0.0027
  6.0   -71.0    0.0113    0.0005   0.0022   0.0033
  6.0   -70.0    0.0116    0.0009   0.0024   0.0037
  6.0   -69.0    0.0119    0.0011   0.0024   0.0037
  6.0   -68.0    0.0103   -0.0011   0.0011   0.0019
  6.0   -67.0    0.0104   -0.0010   0.0011   0.0019
  6.0   -66.0    0.0117   -0.0001   0.0008   0.0022
  6.0   -65.0    0.0120   -0.0002   0.0006   0.0024
  6.0   -64.0    0.0121   -0.0001   0.0006   0.0024
  6.0   -63.0    0.0119   -0.0009   0.0007   0.0025
  6.0   -62.0    0.0121   -0.0018   0.0007   0.0016
  6.0   -61.0    0.0120   -0.0021   0.0007   0.0016
  6.0   -60.0    0.0116   -0.0033   0.0002   0.0002
  6.0   -59.0    0.0117   -0.0033   0.0002   0.0002
  6.0   -58.0    0.0116   -0.0034   0.0001   0.0003
  6.0   -57.0    0.0115   -0.0036   0.0001   0.0001
  6.0   -56.0    0.0118   -0.0032   0.0001   0.0003
  6.0   -55.0    0.0118   -0.0032   0.0001   0.0002
  6.0   -54.0    0.0119   -0.0033   0.0001   0.0003
  5.0   -78.0    0.0140    0.0058   0.0008   0.0010
  5.0   -77.0    0.0140    0.0048   0.0008   0.0018
  5.0   -76.0    0.0142    0.0047   0.0006   0.0015
  5.0   -75.0    0.0141    0.0040   0.0012   0.0025
  5.0   -74.0    0.0138    0.0029   0.0012   0.0026
  5.0   -73.0    0.0130    0.0014   0.0015   0.0028
  5.0   -72.0    0.0115    0.0013   0.0020   0.0019
  5.0   -71.0    0.0103   -0.0012   0.0016   0.0018
  5.0   -70.0    0.0109   -0.0004   0.0016   0.0023
  5.0   -69.0    0.0120    0.0001   0.0017   0.0037
  5.0   -68.0    0.0120    0.0001   0.0016   0.0035
  5.0   -67.0    0.0106   -0.0015   0.0010   0.0019
  5.0   -66.0    0.0106   -0.0014   0.0010   0.0019
  5.0   -65.0    0.0119   -0.0017   0.0007   0.0022
  5.0   -64.0    0.0120   -0.0017   0.0007   0.0022
  5.0   -63.0    0.0120   -0.0017   0.0007   0.0017
  5.0   -62.0    0.0120   -0.0019   0.0007   0.0016
  5.0   -61.0    0.0115   -0.0033   0.0002   0.0002
  5.0   -60.0    0.0116   -0.0033   0.0002   0.0002
  5.0   -59.0    0.0117   -0.0034   0.0002   0.0002
  5.0   -58.0    0.0116   -0.0032   0.0001   0.0003
  5.0   -57.0    0.0117   -0.0033   0.0001   0.0003
  5.0   -56.0    0.0118   -0.0032   0.0001   0.0003
  5.0   -55.0    0.0118   -0.0034   0.0002   0.0003
  5.0   -54.0    0.0119   -0.0033   0.0001   0.0003
  5.0   -53.0    0.0121   -0.0035   0.0001   0.0003
  5.0   -52.0    0.0120   -0.0033   0.0001   0.0003
  4.0   -78.0    0.0132    0.0057   0.0004   0.0013
  4.0   -77.0    0.0135    0.0052   0.0005   0.0017
  4.0   -76.0    0.0137    0.0042   0.0003   0.0020
  4.0   -75.0    0.0137    0.0027   0.0011   0.0028
  4.0   -74.0    0.0132    0.0016   0.0013   0.0025
  4.0   -73.0    0.0118   -0.0004   0.0020   0.0028
  4.0   -72.0    0.0101   -0.0025   0.0014   0.0023
  4.0   -71.0    0.0100   -0.0026   0.0013   0.0023
  4.0   -70.0    0.0101   -0.0031   0.0011   0.0012
  4.0   -69.0    0.0102   -0.0030   0.0011   0.0012
  4.0   -68.0    0.0102   -0.0024   0.0010   0.0006
  4.0   -67.0    0.0103   -0.0024   0.0010   0.0006
  4.0   -66.0    0.0105   -0.0025   0.0012   0.0008
  4.0   -65.0    0.0112   -0.0012   0.0012   0.0021
  4.0   -64.0    0.0120   -0.0017   0.0007   0.0022
  4.0   -63.0    0.0119   -0.0022   0.0007   0.0021
  4.0   -62.0    0.0119   -0.0022   0.0007   0.0020
  4.0   -61.0    0.0115   -0.0032   0.0002   0.0002
  4.0   -60.0    0.0116   -0.0033   0.0002   0.0002
  4.0   -59.0    0.0117   -0.0033   0.0002   0.0002
  4.0   -58.0    0.0117   -0.0033   0.0002   0.0002
  4.0   -57.0    0.0117   -0.0032   0.0001   0.0003
  4.0   -56.0    0.0118   -0.0032   0.0001   0.0003
  4.0   -55.0    0.0119   -0.0032   0.0001   0.0004
  4.0   -54.0    0.0119   -0.0032   0.0001   0.0004
  4.0   -53.0    0.0120   -0.0033   0.0001   0.0004
  4.0   -52.0    0.0120   -0.0033   0.0001   0.0004
  4.0   -51.0    0.0120   -0.0031   0.0004   0.0007
  3.0   -78.0    0.0129    0.0086   0.0004   0.0039
  3.0   -77.0    0.0133    0.0053   0.0003   0.0020
  3.0   -76.0    0.0130    0.0037   0.0014   0.0036
  3.0   -75.0    0.0131    0.0029   0.0014   0.0036
  3.0   -74.0    0.0126   -0.0015   0.0018   0.0027
  3.0   -73.0    0.0100   -0.0033   0.0013   0.0013
  3.0   -72.0    0.0101   -0.0033   0.0013   0.0013
  3.0   -71.0    0.0102   -0.0033   0.0013   0.0013
  3.0   -70.0    0.0104   -0.0033   0.0013   0.0013
  3.0   -69.0    0.0104   -0.0029   0.0012   0.0012
  3.0   -68.0    0.0105   -0.0028   0.0012   0.0012
  3.0   -67.0    0.0103   -0.0023   0.0010   0.0006
  3.0   -66.0    0.0105   -0.0024   0.0012   0.0008
  3.0   -65.0    0.0111   -0.0030   0.0013   0.0011
  3.0   -64.0    0.0119   -0.0035   0.0005   0.0008
  3.0   -63.0    0.0119   -0.0034   0.0006   0.0006
  3.0   -62.0    0.0116   -0.0032   0.0003   0.0004
  3.0   -61.0    0.0118   -0.0034   0.0004   0.0001
  3.0   -60.0    0.0116   -0.0032   0.0002   0.0002
  3.0   -59.0    0.0117   -0.0032   0.0002   0.0002
  3.0   -58.0    0.0117   -0.0032   0.0002   0.0002
  3.0   -57.0    0.0117   -0.0031   0.0001   0.0003
  3.0   -56.0    0.0118   -0.0031   0.0001   0.0003
  3.0   -55.0    0.0119   -0.0032   0.0001   0.0004
  3.0   -54.0    0.0119   -0.0032   0.0001   0.0004
  3.0   -53.0    0.0119   -0.0031   0.0003   0.0006
  3.0   -52.0    0.0119   -0.0031   0.0004   0.0007
  3.0   -51.0    0.0120   -0.0030   0.0004   0.0007
  2.0   -78.0    0.0118    0.0010   0.0014   0.0105
  2.0   -77.0    0.0116    0.0037   0.0017   0.0075
  2.0   -76.0    0.0118    0.0003   0.0018   0.0046
  2.0   -75.0    0.0124    0.0013   0.0019   0.0042
  2.0   -74.0    0.0115   -0.0022   0.0018   0.0028
  2.0   -73.0    0.0100   -0.0032   0.0013   0.0013
  2.0   -72.0    0.0101   -0.0032   0.0013   0.0013
  2.0   -71.0    0.0102   -0.0032   0.0013   0.0013
  2.0   -70.0    0.0103   -0.0028   0.0012   0.0012
  2.0   -69.0    0.0104   -0.0028   0.0012   0.0012
  2.0   -68.0    0.0105   -0.0027   0.0012   0.0012
  2.0   -67.0    0.0110   -0.0031   0.0013   0.0013
  2.0   -66.0    0.0117   -0.0034   0.0005   0.0008
  2.0   -65.0    0.0118   -0.0034   0.0005   0.0008
  2.0   -64.0    0.0119   -0.0034   0.0005   0.0008
  2.0   -63.0    0.0120   -0.0034   0.0005   0.0008
  2.0   -62.0    0.0121   -0.0029   0.0005   0.0003
  2.0   -61.0    0.0119   -0.0032   0.0005   0.0002
  2.0   -60.0    0.0120   -0.0032   0.0006   0.0002
  2.0   -59.0    0.0117   -0.0032   0.0002   0.0002
  2.0   -58.0    0.0117   -0.0032   0.0002   0.0002
  2.0   -57.0    0.0118   -0.0032   0.0002   0.0002
  2.0   -56.0    0.0118   -0.0031   0.0001   0.0003
  2.0   -55.0    0.0119   -0.0031   0.0001   0.0004
  2.0   -54.0    0.0118   -0.0030   0.0004   0.0007
  2.0   -53.0    0.0119   -0.0030   0.0004   0.0007
  2.0   -52.0    0.0119   -0.0030   0.0004   0.0007
  2.0   -51.0    0.0120   -0.0030   0.0004   0.0007
  2.0   -50.0    0.0123   -0.0030   0.0007   0.0007
  1.0   -79.0    0.0142   -0.0156   0.0037   0.0145
  1.0   -78.0    0.0129   -0.0124   0.0028   0.0128
  1.0   -77.0    0.0109   -0.0048   0.0015   0.0062
  1.0   -76.0    0.0108   -0.0029   0.0016   0.0056
  1.0   -75.0    0.0124    0.0014   0.0019   0.0042
  1.0   -74.0    0.0115   -0.0021   0.0018   0.0028
  1.0   -73.0    0.0114   -0.0026   0.0015   0.0025
  1.0   -72.0    0.0101   -0.0031   0.0013   0.0013
  1.0   -71.0    0.0104   -0.0030   0.0011   0.0011
  1.0   -70.0    0.0103   -0.0027   0.0012   0.0012
  1.0   -69.0    0.0104   -0.0027   0.0012   0.0012
  1.0   -68.0    0.0105   -0.0027   0.0012   0.0012
  1.0   -67.0    0.0110   -0.0028   0.0013   0.0011
  1.0   -66.0    0.0117   -0.0033   0.0005   0.0008
  1.0   -65.0    0.0118   -0.0033   0.0005   0.0008
  1.0   -64.0    0.0119   -0.0033   0.0005   0.0008
  1.0   -63.0    0.0122   -0.0032   0.0005   0.0007
  1.0   -62.0    0.0124   -0.0034   0.0005   0.0005
  1.0   -61.0    0.0123   -0.0032   0.0005   0.0007
  1.0   -60.0    0.0121   -0.0031   0.0006   0.0002
  1.0   -59.0    0.0121   -0.0031   0.0006   0.0002
  1.0   -58.0    0.0121   -0.0031   0.0007   0.0002
  1.0   -57.0    0.0121   -0.0030   0.0006   0.0002
  1.0   -56.0    0.0118   -0.0030   0.0003   0.0005
  1.0   -55.0    0.0117   -0.0028   0.0003   0.0006
  1.0   -54.0    0.0120   -0.0031   0.0004   0.0006
  1.0   -53.0    0.0121   -0.0031   0.0005   0.0007
  1.0   -52.0    0.0121   -0.0030   0.0005   0.0007
  1.0   -51.0    0.0123   -0.0030   0.0007   0.0007
  1.0   -50.0    0.0123   -0.0030   0.0007   0.0007
  0.0   -80.0    0.0162   -0.0228   0.0032   0.0072
  0.0   -79.0    0.0152   -0.0148   0.0032   0.0102
  0.0   -78.0    0.0139   -0.0116   0.0034   0.0090
  0.0   -77.0    0.0118   -0.0126   0.0019   0.0058
  0.0   -76.0    0.0099   -0.0058   0.0003   0.0021
  0.0   -75.0    0.0100   -0.0058   0.0003   0.0021
  0.0   -74.0    0.0103   -0.0056   0.0004   0.0023
  0.0   -73.0    0.0113   -0.0021   0.0016   0.0024
  0.0   -72.0    0.0100   -0.0029   0.0010   0.0012
  0.0   -71.0    0.0101   -0.0026   0.0012   0.0012
  0.0   -70.0    0.0103   -0.0026   0.0012   0.0012
  0.0   -69.0    0.0104   -0.0026   0.0012   0.0012
  0.0   -68.0    0.0110   -0.0028   0.0012   0.0011
  0.0   -67.0    0.0117   -0.0032   0.0005   0.0008
  0.0   -66.0    0.0117   -0.0032   0.0005   0.0008
  0.0   -65.0    0.0118   -0.0032   0.0005   0.0008
  0.0   -64.0    0.0119   -0.0033   0.0005   0.0008
  0.0   -63.0    0.0122   -0.0032   0.0005   0.0007
  0.0   -62.0    0.0124   -0.0034   0.0005   0.0005
  0.0   -61.0    0.0124   -0.0034   0.0005   0.0005
  0.0   -60.0    0.0126   -0.0032   0.0004   0.0006
  0.0   -59.0    0.0126   -0.0029   0.0004   0.0002
  0.0   -58.0    0.0126   -0.0029   0.0004   0.0002
  0.0   -57.0    0.0127   -0.0029   0.0004   0.0002
  0.0   -56.0    0.0124   -0.0029   0.0007   0.0006
  0.0   -55.0    0.0122   -0.0029   0.0006   0.0006
  0.0   -54.0    0.0120   -0.0030   0.0005   0.0007
  0.0   -53.0    0.0121   -0.0030   0.0005   0.0007
  0.0   -52.0    0.0121   -0.0030   0.0005   0.0007
  0.0   -51.0    0.0122   -0.0030   0.0007   0.0007
  0.0   -50.0    0.0123   -0.0030   0.0007   0.0007
  0.0   -49.0    0.0123   -0.0030   0.0007   0.0007
  0.0   -48.0    0.0123   -0.0030   0.0007   0.0007
  0.0   -47.0    0.0126   -0.0030   0.0007   0.0006
 -1.0   -80.0    0.0140   -0.0104   0.0036   0.0123
 -1.0   -79.0    0.0134   -0.0145   0.0037   0.0098
 -1.0   -78.0    0.0136   -0.0103   0.0035   0.0094
 -1.0   -77.0    0.0127   -0.0086   0.0030   0.0070
 -1.0   -76.0    0.0109   -0.0070   0.0006   0.0022
 -1.0   -75.0    0.0103   -0.0069   0.0005   0.0023
 -1.0   -74.0    0.0103   -0.0048   0.0003   0.0028
 -1.0   -73.0    0.0104   -0.0032   0.0004   0.0009
 -1.0   -72.0    0.0105   -0.0032   0.0004   0.0009
 -1.0   -71.0    0.0109   -0.0027   0.0001   0.0009
 -1.0   -70.0    0.0111   -0.0027   0.0001   0.0009
 -1.0   -69.0    0.0114   -0.0031   0.0005   0.0010
 -1.0   -68.0    0.0116   -0.0031   0.0005   0.0008
 -1.0   -67.0    0.0117   -0.0031   0.0005   0.0008
 -1.0   -66.0    0.0117   -0.0031   0.0005   0.0008
 -1.0   -65.0    0.0118   -0.0031   0.0005   0.0008
 -1.0   -64.0    0.0119   -0.0031   0.0005   0.0008
 -1.0   -63.0    0.0123   -0.0031   0.0005   0.0008
 -1.0   -62.0    0.0125   -0.0033   0.0005   0.0005
 -1.0   -61.0    0.0125   -0.0033   0.0005   0.0005
 -1.0   -60.0    0.0126   -0.0031   0.0004   0.0006
 -1.0   -59.0    0.0126   -0.0027   0.0004   0.0002
 -1.0   -58.0    0.0126   -0.0027   0.0004   0.0002
 -1.0   -57.0    0.0127   -0.0029   0.0004   0.0003
 -1.0   -56.0    0.0129   -0.0029   0.0002   0.0004
 -1.0   -55.0    0.0122   -0.0028   0.0006   0.0006
 -1.0   -54.0    0.0120   -0.0029   0.0005   0.0007
 -1.0   -53.0    0.0121   -0.0029   0.0005   0.0007
 -1.0   -52.0    0.0121   -0.0029   0.0005   0.0007
 -1.0   -51.0    0.0124   -0.0030   0.0006   0.0006
 -1.0   -50.0    0.0123   -0.0029   0.0007   0.0007
 -1.0   -49.0    0.0123   -0.0029   0.0007   0.0007
 -1.0   -48.0    0.0123   -0.0029   0.0007   0.0007
 -1.0   -47.0    0.0131   -0.0027   0.0004   0.0005
 -1.0   -46.0    0.0133   -0.0030   0.0001   0.0003
 -1.0   -45.0    0.0133   -0.0030   0.0001   0.0003
 -2.0   -81.0    0.0088    0.0047   0.0025   0.0035
 -2.0   -80.0    0.0095    0.0028   0.0033   0.0051
 -2.0   -79.0    0.0131   -0.0060   0.0037   0.0088
 -2.0   -78.0    0.0109   -0.0039   0.0030   0.0057
 -2.0   -77.0    0.0124   -0.0040   0.0035   0.0033
 -2.0   -76.0    0.0101   -0.0051   0.0016   0.0037
 -2.0   -75.0    0.0102   -0.0045   0.0015   0.0035
 -2.0   -74.0    0.0102   -0.0043   0.0013   0.0032
 -2.0   -73.0    0.0105   -0.0045   0.0003   0.0024
 -2.0   -72.0    0.0105   -0.0031   0.0004   0.0009
 -2.0   -71.0    0.0109   -0.0026   0.0001   0.0009
 -2.0   -70.0    0.0113   -0.0029   0.0004   0.0009
 -2.0   -69.0    0.0114   -0.0028   0.0005   0.0008
 -2.0   -68.0    0.0116   -0.0030   0.0005   0.0008
 -2.0   -67.0    0.0117   -0.0030   0.0005   0.0008
 -2.0   -66.0    0.0117   -0.0030   0.0005   0.0008
 -2.0   -65.0    0.0118   -0.0030   0.0005   0.0008
 -2.0   -64.0    0.0119   -0.0030   0.0005   0.0008
 -2.0   -63.0    0.0124   -0.0032   0.0005   0.0007
 -2.0   -62.0    0.0125   -0.0032   0.0005   0.0007
 -2.0   -61.0    0.0126   -0.0032   0.0004   0.0005
 -2.0   -60.0    0.0127   -0.0030   0.0004   0.0006
 -2.0   -59.0    0.0127   -0.0026   0.0004   0.0002
 -2.0   -58.0    0.0127   -0.0026   0.0004   0.0002
 -2.0   -57.0    0.0128   -0.0028   0.0002   0.0004
 -2.0   -56.0    0.0129   -0.0028   0.0002   0.0004
 -2.0   -55.0    0.0122   -0.0028   0.0006   0.0006
 -2.0   -54.0    0.0123   -0.0031   0.0007   0.0004
 -2.0   -53.0    0.0121   -0.0029   0.0005   0.0007
 -2.0   -52.0    0.0121   -0.0029   0.0005   0.0007
 -2.0   -51.0    0.0122   -0.0029   0.0005   0.0007
 -2.0   -50.0    0.0123   -0.0029   0.0007   0.0007
 -2.0   -49.0    0.0123   -0.0029   0.0007   0.0007
 -2.0   -48.0    0.0129   -0.0030   0.0006   0.0005
 -2.0   -47.0    0.0133   -0.0030   0.0001   0.0003
 -2.0   -46.0    0.0133   -0.0030   0.0001   0.0003
 -2.0   -45.0    0.0130   -0.0030   0.0004   0.0003
 -2.0   -44.0    0.0131   -0.0029   0.0005   0.0002
 -2.0   -43.0    0.0134   -0.0033   0.0008   0.0006
 -3.0   -81.0    0.0075    0.0066   0.0012   0.0026
 -3.0   -80.0    0.0087    0.0034   0.0021   0.0036
 -3.0   -79.0    0.0087    0.0016   0.0025   0.0023
 -3.0   -78.0    0.0103    0.0002   0.0033   0.0021
 -3.0   -77.0    0.0117   -0.0021   0.0029   0.0029
 -3.0   -76.0    0.0101   -0.0044   0.0015   0.0035
 -3.0   -75.0    0.0102   -0.0044   0.0015   0.0035
 -3.0   -74.0    0.0102   -0.0034   0.0016   0.0032
 -3.0   -73.0    0.0110   -0.0038   0.0006   0.0028
 -3.0   -72.0    0.0107   -0.0038   0.0001   0.0028
 -3.0   -71.0    0.0108   -0.0029   0.0010   0.0030
 -3.0   -70.0    0.0110   -0.0021   0.0000   0.0003
 -3.0   -69.0    0.0114   -0.0026   0.0005   0.0008
 -3.0   -68.0    0.0116   -0.0029   0.0005   0.0008
 -3.0   -67.0    0.0117   -0.0029   0.0005   0.0008
 -3.0   -66.0    0.0117   -0.0029   0.0005   0.0008
 -3.0   -65.0    0.0118   -0.0029   0.0005   0.0008
 -3.0   -64.0    0.0121   -0.0028   0.0005   0.0007
 -3.0   -63.0    0.0124   -0.0031   0.0005   0.0007
 -3.0   -62.0    0.0125   -0.0031   0.0005   0.0007
 -3.0   -61.0    0.0125   -0.0029   0.0004   0.0007
 -3.0   -60.0    0.0129   -0.0032   0.0001   0.0006
 -3.0   -59.0    0.0128   -0.0030   0.0004   0.0006
 -3.0   -58.0    0.0127   -0.0028   0.0002   0.0004
 -3.0   -57.0    0.0128   -0.0028   0.0002   0.0004
 -3.0   -56.0    0.0129   -0.0028   0.0002   0.0004
 -3.0   -55.0    0.0124   -0.0027   0.0007   0.0006
 -3.0   -54.0    0.0122   -0.0027   0.0006   0.0006
 -3.0   -53.0    0.0124   -0.0029   0.0007   0.0004
 -3.0   -52.0    0.0121   -0.0028   0.0005   0.0007
 -3.0   -51.0    0.0126   -0.0030   0.0006   0.0006
 -3.0   -50.0    0.0131   -0.0033   0.0002   0.0002
 -3.0   -49.0    0.0131   -0.0033   0.0002   0.0002
 -3.0   -48.0    0.0132   -0.0033   0.0001   0.0002
 -3.0   -47.0    0.0133   -0.0032   0.0010   0.0010
 -3.0   -46.0    0.0132   -0.0031   0.0001   0.0003
 -3.0   -45.0    0.0131   -0.0029   0.0005   0.0002
 -3.0   -44.0    0.0132   -0.0028   0.0004   0.0002
 -3.0   -43.0    0.0130   -0.0029   0.0005   0.0002
 -3.0   -42.0    0.0134   -0.0035   0.0009   0.0005
 -3.0   -41.0    0.0137   -0.0037   0.0008   0.0004
 -3.0   -40.0    0.0141   -0.0039   0.0003   0.0004
 -3.0   -39.0    0.0141   -0.0038   0.0003   0.0004
 -4.0   -81.0    0.0078    0.0045   0.0009   0.0035
 -4.0   -80.0    0.0075    0.0028   0.0010   0.0020
 -4.0   -79.0    0.0078    0.0017   0.0011   0.0018
 -4.0   -78.0    0.0077    0.0015   0.0010   0.0016
 -4.0   -77.0    0.0083    0.0006   0.0008   0.0006
 -4.0   -76.0    0.0098   -0.0015   0.0018   0.0017
 -4.0   -75.0    0.0099   -0.0016   0.0018   0.0017
 -4.0   -74.0    0.0103   -0.0025   0.0013   0.0029
 -4.0   -73.0    0.0107   -0.0012   0.0001   0.0005
 -4.0   -72.0    0.0108   -0.0012   0.0001   0.0005
 -4.0   -71.0    0.0109   -0.0014   0.0001   0.0005
 -4.0   -70.0    0.0110   -0.0018   0.0000   0.0004
 -4.0   -69.0    0.0114   -0.0025   0.0005   0.0008
 -4.0   -68.0    0.0116   -0.0028   0.0005   0.0008
 -4.0   -67.0    0.0117   -0.0028   0.0005   0.0008
 -4.0   -66.0    0.0117   -0.0028   0.0005   0.0008
 -4.0   -65.0    0.0118   -0.0028   0.0005   0.0008
 -4.0   -64.0    0.0123   -0.0030   0.0005   0.0007
 -4.0   -63.0    0.0124   -0.0030   0.0005   0.0007
 -4.0   -62.0    0.0125   -0.0030   0.0005   0.0007
 -4.0   -61.0    0.0125   -0.0031   0.0005   0.0007
 -4.0   -60.0    0.0128   -0.0031   0.0001   0.0006
 -4.0   -59.0    0.0129   -0.0030   0.0001   0.0006
 -4.0   -58.0    0.0127   -0.0027   0.0002   0.0004
 -4.0   -57.0    0.0128   -0.0027   0.0002   0.0004
 -4.0   -56.0    0.0129   -0.0027   0.0002   0.0004
 -4.0   -55.0    0.0124   -0.0026   0.0007   0.0006
 -4.0   -54.0    0.0125   -0.0027   0.0007   0.0006
 -4.0   -53.0    0.0130   -0.0029   0.0002   0.0004
 -4.0   -52.0    0.0126   -0.0027   0.0006   0.0006
 -4.0   -51.0    0.0131   -0.0032   0.0002   0.0002
 -4.0   -50.0    0.0131   -0.0032   0.0002   0.0002
 -4.0   -49.0    0.0132   -0.0032   0.0001   0.0002
 -4.0   -48.0    0.0132   -0.0033   0.0001   0.0002
 -4.0   -47.0    0.0133   -0.0030   0.0001   0.0003
 -4.0   -46.0    0.0133   -0.0030   0.0001   0.0003
 -4.0   -45.0    0.0131   -0.0028   0.0004   0.0002
 -4.0   -44.0    0.0130   -0.0029   0.0005   0.0002
 -4.0   -43.0    0.0129   -0.0029   0.0005   0.0002
 -4.0   -42.0    0.0134   -0.0035   0.0009   0.0005
 -4.0   -41.0    0.0137   -0.0037   0.0008   0.0004
 -4.0   -40.0    0.0142   -0.0039   0.0003   0.0004
 -4.0   -39.0    0.0141   -0.0038   0.0003   0.0004
 -4.0   -38.0    0.0144   -0.0036   0.0010   0.0003
 -5.0   -81.0    0.0069    0.0031   0.0009   0.0012
 -5.0   -80.0    0.0070    0.0030   0.0009   0.0012
 -5.0   -79.0    0.0072    0.0030   0.0009   0.0012
 -5.0   -78.0    0.0079    0.0018   0.0011   0.0018
 -5.0   -77.0    0.0078    0.0016   0.0010   0.0016
 -5.0   -76.0    0.0088    0.0002   0.0012   0.0012
 -5.0   -75.0    0.0105   -0.0010   0.0001   0.0005
 -5.0   -74.0    0.0106   -0.0011   0.0001   0.0005
 -5.0   -73.0    0.0107   -0.0011   0.0001   0.0005
 -5.0   -72.0    0.0108   -0.0011   0.0001   0.0005
 -5.0   -71.0    0.0109   -0.0011   0.0001   0.0005
 -5.0   -70.0    0.0110   -0.0017   0.0000   0.0004
 -5.0   -69.0    0.0114   -0.0022   0.0005   0.0010
 -5.0   -68.0    0.0116   -0.0024   0.0004   0.0009
 -5.0   -67.0    0.0117   -0.0024   0.0004   0.0008
 -5.0   -66.0    0.0118   -0.0029   0.0004   0.0006
 -5.0   -65.0    0.0119   -0.0029   0.0004   0.0006
 -5.0   -64.0    0.0120   -0.0029   0.0004   0.0006
 -5.0   -63.0    0.0123   -0.0028   0.0004   0.0006
 -5.0   -62.0    0.0125   -0.0030   0.0005   0.0007
 -5.0   -61.0    0.0125   -0.0030   0.0005   0.0007
 -5.0   -60.0    0.0128   -0.0029   0.0001   0.0007
 -5.0   -59.0    0.0128   -0.0028   0.0003   0.0007
 -5.0   -58.0    0.0127   -0.0026   0.0002   0.0004
 -5.0   -57.0    0.0128   -0.0027   0.0002   0.0004
 -5.0   -56.0    0.0129   -0.0027   0.0002   0.0004
 -5.0   -55.0    0.0129   -0.0027   0.0002   0.0004
 -5.0   -54.0    0.0129   -0.0028   0.0002   0.0004
 -5.0   -53.0    0.0130   -0.0028   0.0002   0.0004
 -5.0   -52.0    0.0130   -0.0029   0.0002   0.0004
 -5.0   -51.0    0.0131   -0.0032   0.0002   0.0002
 -5.0   -50.0    0.0131   -0.0032   0.0002   0.0002
 -5.0   -49.0    0.0132   -0.0032   0.0002   0.0002
 -5.0   -48.0    0.0130   -0.0032   0.0005   0.0007
 -5.0   -47.0    0.0133   -0.0030   0.0001   0.0003
 -5.0   -46.0    0.0128   -0.0035   0.0005   0.0007
 -5.0   -45.0    0.0130   -0.0030   0.0004   0.0003
 -5.0   -44.0    0.0126   -0.0029   0.0005   0.0003
 -5.0   -43.0    0.0124   -0.0030   0.0004   0.0002
 -5.0   -42.0    0.0128   -0.0035   0.0010   0.0004
 -5.0   -41.0    0.0134   -0.0035   0.0008   0.0005
 -5.0   -40.0    0.0140   -0.0038   0.0003   0.0003
 -5.0   -39.0    0.0144   -0.0036   0.0010   0.0002
 -5.0   -38.0    0.0143   -0.0036   0.0010   0.0002
 -5.0   -37.0    0.0141   -0.0036   0.0010   0.0003
 -5.0   -36.0    0.0139   -0.0039   0.0016   0.0008
 -5.0   -35.0    0.0140   -0.0038   0.0015   0.0008
 -6.0   -81.0    0.0069    0.0032   0.0009   0.0012
 -6.0   -80.0    0.0070    0.0032   0.0009   0.0012
 -6.0   -79.0    0.0072    0.0032   0.0009   0.0012
 -6.0   -78.0    0.0073    0.0032   0.0009   0.0012
 -6.0   -77.0    0.0083    0.0018   0.0014   0.0018
 -6.0   -76.0    0.0100   -0.0003   0.0007   0.0011
 -6.0   -75.0    0.0105   -0.0009   0.0001   0.0005
 -6.0   -74.0    0.0106   -0.0009   0.0001   0.0005
 -6.0   -73.0    0.0107   -0.0009   0.0001   0.0005
 -6.0   -72.0    0.0108   -0.0010   0.0001   0.0005
 -6.0   -71.0    0.0109   -0.0010   0.0001   0.0005
 -6.0   -70.0    0.0112   -0.0013   0.0003   0.0002
 -6.0   -69.0    0.0113   -0.0015   0.0003   0.0005
 -6.0   -68.0    0.0118   -0.0025   0.0004   0.0009
 -6.0   -67.0    0.0118   -0.0024   0.0004   0.0008
 -6.0   -66.0    0.0118   -0.0028   0.0004   0.0006
 -6.0   -65.0    0.0119   -0.0028   0.0004   0.0006
 -6.0   -64.0    0.0120   -0.0028   0.0004   0.0006
 -6.0   -63.0    0.0121   -0.0029   0.0004   0.0006
 -6.0   -62.0    0.0124   -0.0028   0.0004   0.0006
 -6.0   -61.0    0.0124   -0.0028   0.0004   0.0006
 -6.0   -60.0    0.0126   -0.0023   0.0003   0.0002
 -6.0   -59.0    0.0127   -0.0024   0.0003   0.0002
 -6.0   -58.0    0.0129   -0.0025   0.0001   0.0002
 -6.0   -57.0    0.0130   -0.0025   0.0001   0.0002
 -6.0   -56.0    0.0130   -0.0026   0.0002   0.0003
 -6.0   -55.0    0.0129   -0.0027   0.0002   0.0004
 -6.0   -54.0    0.0130   -0.0028   0.0002   0.0003
 -6.0   -53.0    0.0130   -0.0028   0.0002   0.0004
 -6.0   -52.0    0.0130   -0.0029   0.0002   0.0004
 -6.0   -51.0    0.0131   -0.0031   0.0002   0.0002
 -6.0   -50.0    0.0131   -0.0032   0.0002   0.0002
 -6.0   -49.0    0.0130   -0.0033   0.0005   0.0005
 -6.0   -48.0    0.0130   -0.0033   0.0005   0.0005
 -6.0   -47.0    0.0130   -0.0034   0.0005   0.0005
 -6.0   -46.0    0.0128   -0.0035   0.0005   0.0007
 -6.0   -45.0    0.0124   -0.0033   0.0005   0.0007
 -6.0   -44.0    0.0124   -0.0030   0.0005   0.0003
 -6.0   -43.0    0.0123   -0.0030   0.0005   0.0003
 -6.0   -42.0    0.0127   -0.0033   0.0009   0.0006
 -6.0   -41.0    0.0124   -0.0030   0.0004   0.0003
 -6.0   -40.0    0.0136   -0.0035   0.0006   0.0007
 -6.0   -39.0    0.0142   -0.0032   0.0013   0.0005
 -6.0   -38.0    0.0140   -0.0036   0.0012   0.0005
 -6.0   -37.0    0.0137   -0.0039   0.0015   0.0007
 -6.0   -36.0    0.0140   -0.0038   0.0015   0.0008
 -6.0   -35.0    0.0133   -0.0038   0.0011   0.0009
 -7.0   -80.0    0.0070    0.0033   0.0009   0.0012
 -7.0   -79.0    0.0072    0.0033   0.0009   0.0012
 -7.0   -78.0    0.0086    0.0018   0.0013   0.0015
 -7.0   -77.0    0.0087    0.0018   0.0013   0.0015
 -7.0   -76.0    0.0104   -0.0008   0.0001   0.0005
 -7.0   -75.0    0.0105   -0.0008   0.0001   0.0005
 -7.0   -74.0    0.0106   -0.0008   0.0001   0.0005
 -7.0   -73.0    0.0107   -0.0008   0.0001   0.0005
 -7.0   -72.0    0.0108   -0.0009   0.0001   0.0005
 -7.0   -71.0    0.0109   -0.0009   0.0001   0.0005
 -7.0   -70.0    0.0112   -0.0012   0.0003   0.0002
 -7.0   -69.0    0.0113   -0.0014   0.0003   0.0005
 -7.0   -68.0    0.0114   -0.0017   0.0004   0.0005
 -7.0   -67.0    0.0117   -0.0020   0.0002   0.0004
 -7.0   -66.0    0.0117   -0.0020   0.0002   0.0004
 -7.0   -65.0    0.0117   -0.0023   0.0006   0.0009
 -7.0   -64.0    0.0120   -0.0028   0.0004   0.0006
 -7.0   -63.0    0.0123   -0.0026   0.0005   0.0007
 -7.0   -62.0    0.0123   -0.0022   0.0005   0.0003
 -7.0   -61.0    0.0126   -0.0022   0.0004   0.0003
 -7.0   -60.0    0.0127   -0.0023   0.0004   0.0003
 -7.0   -59.0    0.0130   -0.0021   0.0002   0.0002
 -7.0   -58.0    0.0129   -0.0024   0.0001   0.0002
 -7.0   -57.0    0.0130   -0.0024   0.0001   0.0002
 -7.0   -56.0    0.0129   -0.0029   0.0002   0.0004
 -7.0   -55.0    0.0129   -0.0027   0.0002   0.0004
 -7.0   -54.0    0.0129   -0.0027   0.0002   0.0004
 -7.0   -53.0    0.0130   -0.0027   0.0002   0.0004
 -7.0   -52.0    0.0129   -0.0030   0.0003   0.0004
 -7.0   -51.0    0.0129   -0.0031   0.0003   0.0002
 -7.0   -50.0    0.0130   -0.0031   0.0003   0.0002
 -7.0   -49.0    0.0129   -0.0034   0.0006   0.0006
 -7.0   -48.0    0.0128   -0.0035   0.0006   0.0006
 -7.0   -47.0    0.0128   -0.0036   0.0006   0.0006
 -7.0   -46.0    0.0126   -0.0033   0.0006   0.0007
 -7.0   -45.0    0.0124   -0.0035   0.0005   0.0007
 -7.0   -44.0    0.0121   -0.0036   0.0001   0.0006
 -7.0   -43.0    0.0122   -0.0031   0.0003   0.0003
 -7.0   -42.0    0.0124   -0.0031   0.0004   0.0003
 -7.0   -41.0    0.0126   -0.0031   0.0004   0.0003
 -7.0   -40.0    0.0133   -0.0034   0.0003   0.0005
 -7.0   -39.0    0.0134   -0.0034   0.0003   0.0006
 -7.0   -38.0    0.0133   -0.0035   0.0003   0.0006
 -7.0   -37.0    0.0130   -0.0043   0.0007   0.0006
 -7.0   -36.0    0.0134   -0.0040   0.0009   0.0008
 -7.0   -35.0    0.0134   -0.0040   0.0010   0.0009
 -8.0   -80.0    0.0087    0.0075   0.0032   0.0078
 -8.0   -79.0    0.0098    0.0065   0.0027   0.0085
 -8.0   -78.0    0.0101    0.0067   0.0027   0.0085
 -8.0   -77.0    0.0102    0.0053   0.0024   0.0082
 -8.0   -76.0    0.0115    0.0052   0.0019   0.0097
 -8.0   -75.0    0.0110    0.0018   0.0015   0.0075
 -8.0   -74.0    0.0106   -0.0007   0.0001   0.0005
 -8.0   -73.0    0.0107   -0.0007   0.0001   0.0005
 -8.0   -72.0    0.0108   -0.0008   0.0002   0.0005
 -8.0   -71.0    0.0110   -0.0007   0.0002   0.0004
 -8.0   -70.0    0.0113   -0.0005   0.0002   0.0005
 -8.0   -69.0    0.0113   -0.0007   0.0005   0.0004
 -8.0   -68.0    0.0114   -0.0015   0.0004   0.0005
 -8.0   -67.0    0.0115   -0.0015   0.0005   0.0005
 -8.0   -66.0    0.0115   -0.0015   0.0005   0.0005
 -8.0   -65.0    0.0114   -0.0018   0.0004   0.0005
 -8.0   -64.0    0.0118   -0.0018   0.0006   0.0005
 -8.0   -63.0    0.0120   -0.0017   0.0007   0.0005
 -8.0   -62.0    0.0120   -0.0018   0.0006   0.0005
 -8.0   -61.0    0.0123   -0.0019   0.0007   0.0005
 -8.0   -60.0    0.0127   -0.0022   0.0004   0.0003
 -8.0   -59.0    0.0128   -0.0022   0.0003   0.0003
 -8.0   -58.0    0.0129   -0.0024   0.0002   0.0005
 -8.0   -57.0    0.0129   -0.0027   0.0001   0.0005
 -8.0   -56.0    0.0130   -0.0027   0.0001   0.0005
 -8.0   -55.0    0.0130   -0.0027   0.0001   0.0005
 -8.0   -54.0    0.0129   -0.0029   0.0002   0.0004
 -8.0   -53.0    0.0129   -0.0029   0.0003   0.0004
 -8.0   -52.0    0.0128   -0.0031   0.0003   0.0003
 -8.0   -51.0    0.0129   -0.0032   0.0003   0.0003
 -8.0   -50.0    0.0130   -0.0032   0.0003   0.0002
 -8.0   -49.0    0.0127   -0.0034   0.0005   0.0005
 -8.0   -48.0    0.0125   -0.0037   0.0004   0.0004
 -8.0   -47.0    0.0126   -0.0037   0.0004   0.0004
 -8.0   -46.0    0.0125   -0.0031   0.0004   0.0010
 -8.0   -45.0    0.0124   -0.0029   0.0004   0.0010
 -8.0   -44.0    0.0123   -0.0033   0.0004   0.0008
 -8.0   -43.0    0.0126   -0.0029   0.0004   0.0003
 -8.0   -42.0    0.0126   -0.0029   0.0004   0.0003
 -8.0   -41.0    0.0130   -0.0028   0.0000   0.0003
 -8.0   -40.0    0.0132   -0.0033   0.0003   0.0006
 -8.0   -39.0    0.0133   -0.0034   0.0003   0.0005
 -8.0   -38.0    0.0133   -0.0035   0.0003   0.0006
 -8.0   -37.0    0.0128   -0.0042   0.0007   0.0007
 -8.0   -36.0    0.0135   -0.0043   0.0010   0.0008
 -8.0   -35.0    0.0134   -0.0044   0.0011   0.0009
 -9.0   -79.0    0.0104    0.0086   0.0030   0.0093
 -9.0   -78.0    0.0105    0.0086   0.0030   0.0093
 -9.0   -77.0    0.0117    0.0073   0.0020   0.0100
 -9.0   -76.0    0.0116    0.0061   0.0019   0.0097
 -9.0   -75.0    0.0113    0.0038   0.0017   0.0085
 -9.0   -74.0    0.0112    0.0028   0.0017   0.0085
 -9.0   -73.0    0.0114    0.0034   0.0019   0.0094
 -9.0   -72.0    0.0109   -0.0003   0.0002   0.0005
 -9.0   -71.0    0.0110   -0.0005   0.0002   0.0004
 -9.0   -70.0    0.0114   -0.0006   0.0003   0.0004
 -9.0   -69.0    0.0113   -0.0006   0.0005   0.0004
 -9.0   -68.0    0.0114   -0.0006   0.0005   0.0004
 -9.0   -67.0    0.0115   -0.0014   0.0005   0.0005
 -9.0   -66.0    0.0115   -0.0014   0.0005   0.0005
 -9.0   -65.0    0.0116   -0.0014   0.0005   0.0005
 -9.0   -64.0    0.0119   -0.0016   0.0007   0.0005
 -9.0   -63.0    0.0120   -0.0016   0.0007   0.0005
 -9.0   -62.0    0.0121   -0.0016   0.0007   0.0005
 -9.0   -61.0    0.0122   -0.0022   0.0006   0.0003
 -9.0   -60.0    0.0123   -0.0022   0.0006   0.0003
 -9.0   -59.0    0.0126   -0.0022   0.0006   0.0004
 -9.0   -58.0    0.0129   -0.0025   0.0002   0.0006
 -9.0   -57.0    0.0129   -0.0026   0.0001   0.0005
 -9.0   -56.0    0.0130   -0.0026   0.0001   0.0005
 -9.0   -55.0    0.0130   -0.0028   0.0001   0.0005
 -9.0   -54.0    0.0129   -0.0030   0.0001   0.0003
 -9.0   -53.0    0.0132   -0.0031   0.0004   0.0003
 -9.0   -52.0    0.0128   -0.0031   0.0003   0.0003
 -9.0   -51.0    0.0127   -0.0031   0.0002   0.0002
 -9.0   -50.0    0.0127   -0.0032   0.0002   0.0002
 -9.0   -49.0    0.0127   -0.0032   0.0002   0.0002
 -9.0   -48.0    0.0124   -0.0029   0.0003   0.0011
 -9.0   -47.0    0.0124   -0.0031   0.0002   0.0012
 -9.0   -46.0    0.0124   -0.0031   0.0002   0.0012
 -9.0   -45.0    0.0125   -0.0027   0.0003   0.0012
 -9.0   -44.0    0.0124   -0.0029   0.0004   0.0010
 -9.0   -43.0    0.0126   -0.0026   0.0004   0.0006
 -9.0   -42.0    0.0128   -0.0028   0.0002   0.0003
 -9.0   -41.0    0.0130   -0.0028   0.0000   0.0003
 -9.0   -40.0    0.0131   -0.0031   0.0003   0.0006
 -9.0   -39.0    0.0132   -0.0034   0.0003   0.0006
 -9.0   -38.0    0.0130   -0.0040   0.0005   0.0004
 -9.0   -37.0    0.0130   -0.0040   0.0004   0.0004
 -9.0   -36.0    0.0128   -0.0045   0.0006   0.0006
 -9.0   -35.0    0.0137   -0.0038   0.0008   0.0007
-10.0   -79.0    0.0104    0.0087   0.0030   0.0093
-10.0   -78.0    0.0105    0.0087   0.0030   0.0093
-10.0   -77.0    0.0121    0.0094   0.0020   0.0099
-10.0   -76.0    0.0120    0.0081   0.0020   0.0099
-10.0   -75.0    0.0118    0.0065   0.0019   0.0098
-10.0   -74.0    0.0117    0.0056   0.0019   0.0098
-10.0   -73.0    0.0117    0.0043   0.0018   0.0092
-10.0   -72.0    0.0109    0.0000   0.0002   0.0004
-10.0   -71.0    0.0112   -0.0004   0.0003   0.0004
-10.0   -70.0    0.0114   -0.0005   0.0003   0.0004
-10.0   -69.0    0.0113   -0.0005   0.0005   0.0004
-10.0   -68.0    0.0115   -0.0005   0.0005   0.0004
-10.0   -67.0    0.0116   -0.0009   0.0005   0.0007
-10.0   -66.0    0.0115   -0.0013   0.0005   0.0005
-10.0   -65.0    0.0116   -0.0013   0.0005   0.0005
-10.0   -64.0    0.0119   -0.0015   0.0007   0.0005
-10.0   -63.0    0.0120   -0.0015   0.0007   0.0005
-10.0   -62.0    0.0120   -0.0019   0.0007   0.0005
-10.0   -61.0    0.0122   -0.0021   0.0006   0.0003
-10.0   -60.0    0.0123   -0.0021   0.0006   0.0003
-10.0   -59.0    0.0126   -0.0022   0.0006   0.0004
-10.0   -58.0    0.0127   -0.0024   0.0005   0.0005
-10.0   -57.0    0.0128   -0.0024   0.0005   0.0005
-10.0   -56.0    0.0132   -0.0028   0.0004   0.0003
-10.0   -55.0    0.0131   -0.0029   0.0004   0.0003
-10.0   -54.0    0.0129   -0.0030   0.0001   0.0003
-10.0   -53.0    0.0132   -0.0030   0.0004   0.0003
-10.0   -52.0    0.0129   -0.0028   0.0002   0.0003
-10.0   -51.0    0.0127   -0.0031   0.0002   0.0002
-10.0   -50.0    0.0127   -0.0031   0.0002   0.0002
-10.0   -49.0    0.0127   -0.0032   0.0002   0.0002
-10.0   -48.0    0.0126   -0.0025   0.0001   0.0008
-10.0   -47.0    0.0125   -0.0029   0.0003   0.0011
-10.0   -46.0    0.0129   -0.0024   0.0004   0.0008
-10.0   -45.0    0.0130   -0.0020   0.0003   0.0004
-10.0   -44.0    0.0130   -0.0021   0.0003   0.0004
-10.0   -43.0    0.0127   -0.0023   0.0002   0.0006
-10.0   -42.0    0.0128   -0.0028   0.0002   0.0003
-10.0   -41.0    0.0128   -0.0029   0.0002   0.0003
-10.0   -40.0    0.0129   -0.0029   0.0002   0.0003
-10.0   -39.0    0.0128   -0.0038   0.0002   0.0005
-10.0   -38.0    0.0129   -0.0040   0.0005   0.0004
-10.0   -37.0    0.0128   -0.0040   0.0004   0.0004
-10.0   -36.0    0.0129   -0.0043   0.0004   0.0006
-11.0   -78.0    0.0132    0.0115   0.0017   0.0076
-11.0   -77.0    0.0133    0.0116   0.0017   0.0076
-11.0   -76.0    0.0134    0.0115   0.0017   0.0076
-11.0   -75.0    0.0134    0.0106   0.0020   0.0087
-11.0   -74.0    0.0127    0.0077   0.0020   0.0086
-11.0   -73.0    0.0124    0.0058   0.0020   0.0083
-11.0   -72.0    0.0110    0.0001   0.0002   0.0004
-11.0   -71.0    0.0112   -0.0003   0.0003   0.0004
-11.0   -70.0    0.0112   -0.0004   0.0005   0.0004
-11.0   -69.0    0.0113   -0.0003   0.0005   0.0004
-11.0   -68.0    0.0114   -0.0004   0.0005   0.0004
-11.0   -67.0    0.0115   -0.0005   0.0005   0.0004
-11.0   -66.0    0.0115   -0.0012   0.0005   0.0005
-11.0   -65.0    0.0118   -0.0013   0.0006   0.0005
-11.0   -64.0    0.0119   -0.0014   0.0007   0.0005
-11.0   -63.0    0.0120   -0.0014   0.0007   0.0005
-11.0   -62.0    0.0124   -0.0019   0.0006   0.0003
-11.0   -61.0    0.0122   -0.0020   0.0006   0.0003
-11.0   -60.0    0.0121   -0.0021   0.0008   0.0004
-11.0   -59.0    0.0126   -0.0021   0.0006   0.0004
-11.0   -58.0    0.0125   -0.0026   0.0005   0.0003
-11.0   -57.0    0.0127   -0.0027   0.0004   0.0003
-11.0   -56.0    0.0129   -0.0028   0.0007   0.0002
-11.0   -55.0    0.0132   -0.0028   0.0003   0.0003
-11.0   -54.0    0.0132   -0.0028   0.0004   0.0003
-11.0   -53.0    0.0133   -0.0029   0.0004   0.0002
-11.0   -52.0    0.0131   -0.0029   0.0005   0.0002
-11.0   -51.0    0.0130   -0.0030   0.0005   0.0002
-11.0   -50.0    0.0127   -0.0031   0.0002   0.0002
-11.0   -49.0    0.0127   -0.0031   0.0002   0.0002
-11.0   -48.0    0.0127   -0.0026   0.0002   0.0008
-11.0   -47.0    0.0127   -0.0025   0.0001   0.0008
-11.0   -46.0    0.0129   -0.0024   0.0004   0.0008
-11.0   -45.0    0.0129   -0.0026   0.0004   0.0012
-11.0   -44.0    0.0128   -0.0021   0.0004   0.0005
-11.0   -43.0    0.0128   -0.0027   0.0003   0.0010
-11.0   -42.0    0.0128   -0.0028   0.0002   0.0003
-11.0   -41.0    0.0128   -0.0029   0.0002   0.0003
-11.0   -40.0    0.0128   -0.0033   0.0003   0.0003
-11.0   -39.0    0.0128   -0.0039   0.0003   0.0004
-11.0   -38.0    0.0127   -0.0038   0.0002   0.0004
-11.0   -37.0    0.0127   -0.0039   0.0002   0.0005
-12.0   -78.0    0.0141    0.0156   0.0004   0.0049
-12.0   -77.0    0.0142    0.0157   0.0004   0.0049
-12.0   -76.0    0.0144    0.0154   0.0004   0.0049
-12.0   -75.0    0.0145    0.0153   0.0004   0.0049
-12.0   -74.0    0.0146    0.0151   0.0004   0.0049
-12.0   -73.0    0.0134    0.0082   0.0016   0.0055
-12.0   -72.0    0.0135    0.0077   0.0016   0.0055
-12.0   -71.0    0.0124    0.0037   0.0013   0.0036
-12.0   -70.0    0.0119    0.0010   0.0006   0.0026
-12.0   -69.0    0.0113   -0.0002   0.0005   0.0004
-12.0   -68.0    0.0114   -0.0003   0.0005   0.0004
-12.0   -67.0    0.0115   -0.0004   0.0005   0.0004
-12.0   -66.0    0.0115   -0.0004   0.0005   0.0004
-12.0   -65.0    0.0118   -0.0012   0.0006   0.0005
-12.0   -64.0    0.0119   -0.0013   0.0007   0.0005
-12.0   -63.0    0.0118   -0.0014   0.0008   0.0006
-12.0   -62.0    0.0119   -0.0015   0.0008   0.0006
-12.0   -61.0    0.0120   -0.0019   0.0008   0.0004
-12.0   -60.0    0.0120   -0.0020   0.0008   0.0004
-12.0   -59.0    0.0121   -0.0020   0.0008   0.0004
-12.0   -58.0    0.0125   -0.0026   0.0005   0.0003
-12.0   -57.0    0.0125   -0.0026   0.0006   0.0003
-12.0   -56.0    0.0128   -0.0028   0.0005   0.0002
-12.0   -55.0    0.0131   -0.0027   0.0004   0.0003
-12.0   -54.0    0.0132   -0.0028   0.0004   0.0003
-12.0   -53.0    0.0133   -0.0029   0.0004   0.0003
-12.0   -52.0    0.0132   -0.0029   0.0005   0.0002
-12.0   -51.0    0.0131   -0.0029   0.0005   0.0002
-12.0   -50.0    0.0127   -0.0030   0.0002   0.0002
-12.0   -49.0    0.0127   -0.0031   0.0002   0.0002
-12.0   -48.0    0.0127   -0.0031   0.0002   0.0002
-12.0   -47.0    0.0128   -0.0024   0.0003   0.0008
-12.0   -46.0    0.0129   -0.0025   0.0004   0.0012
-12.0   -45.0    0.0129   -0.0025   0.0004   0.0012
-12.0   -44.0    0.0129   -0.0026   0.0004   0.0012
-12.0   -43.0    0.0128   -0.0032   0.0004   0.0009
-12.0   -42.0    0.0128   -0.0031   0.0003   0.0007
-12.0   -41.0    0.0127   -0.0035   0.0003   0.0005
-12.0   -40.0    0.0128   -0.0033   0.0003   0.0003
-12.0   -39.0    0.0128   -0.0039   0.0003   0.0004
-12.0   -38.0    0.0127   -0.0039   0.0003   0.0004
-12.0   -37.0    0.0127   -0.0040   0.0003   0.0004
-13.0   -77.0    0.0142    0.0156   0.0004   0.0049
-13.0   -76.0    0.0144    0.0154   0.0004   0.0049
-13.0   -75.0    0.0145    0.0153   0.0004   0.0049
-13.0   -74.0    0.0146    0.0153   0.0004   0.0049
-13.0   -73.0    0.0132    0.0082   0.0013   0.0043
-13.0   -72.0    0.0131    0.0075   0.0013   0.0043
-13.0   -71.0    0.0119    0.0029   0.0001   0.0010
-13.0   -70.0    0.0119    0.0019   0.0006   0.0029
-13.0   -69.0    0.0118    0.0002   0.0003   0.0007
-13.0   -68.0    0.0114   -0.0002   0.0005   0.0004
-13.0   -67.0    0.0115   -0.0003   0.0005   0.0004
-13.0   -66.0    0.0115   -0.0003   0.0005   0.0004
-13.0   -65.0    0.0119   -0.0006   0.0006   0.0005
-13.0   -64.0    0.0117   -0.0013   0.0008   0.0006
-13.0   -63.0    0.0118   -0.0014   0.0008   0.0006
-13.0   -62.0    0.0119   -0.0018   0.0008   0.0004
-13.0   -61.0    0.0118   -0.0020   0.0007   0.0003
-13.0   -60.0    0.0119   -0.0020   0.0007   0.0003
-13.0   -59.0    0.0119   -0.0025   0.0005   0.0002
-13.0   -58.0    0.0120   -0.0026   0.0005   0.0002
-13.0   -57.0    0.0125   -0.0027   0.0006   0.0002
-13.0   -56.0    0.0127   -0.0027   0.0005   0.0002
-13.0   -55.0    0.0129   -0.0028   0.0008   0.0002
-13.0   -54.0    0.0133   -0.0027   0.0004   0.0003
-13.0   -53.0    0.0133   -0.0030   0.0004   0.0002
-13.0   -52.0    0.0131   -0.0028   0.0005   0.0002
-13.0   -51.0    0.0133   -0.0029   0.0005   0.0002
-13.0   -50.0    0.0132   -0.0029   0.0005   0.0002
-13.0   -49.0    0.0127   -0.0030   0.0002   0.0003
-13.0   -48.0    0.0129   -0.0028   0.0003   0.0005
-13.0   -47.0    0.0129   -0.0024   0.0003   0.0007
-13.0   -46.0    0.0129   -0.0025   0.0004   0.0012
-13.0   -45.0    0.0129   -0.0026   0.0004   0.0012
-13.0   -44.0    0.0131   -0.0029   0.0003   0.0010
-13.0   -43.0    0.0128   -0.0032   0.0004   0.0009
-13.0   -42.0    0.0125   -0.0035   0.0000   0.0007
-13.0   -41.0    0.0125   -0.0036   0.0000   0.0007
-13.0   -40.0    0.0132   -0.0031   0.0004   0.0006
-13.0   -39.0    0.0132   -0.0032   0.0004   0.0006
-13.0   -38.0    0.0131   -0.0032   0.0004   0.0006
-14.0   -77.0    0.0142    0.0155   0.0004   0.0049
-14.0   -76.0    0.0144    0.0153   0.0004   0.0049
-14.0   -75.0    0.0145    0.0151   0.0004   0.0049
-14.0   -74.0    0.0139    0.0108   0.0010   0.0028
-14.0   -73.0    0.0137    0.0100   0.0011   0.0029
-14.0   -72.0    0.0139    0.0085   0.0002   0.0006
-14.0   -71.0    0.0121    0.0040   0.0001   0.0010
-14.0   -70.0    0.0121    0.0032   0.0001   0.0010
-14.0   -69.0    0.0122    0.0014   0.0004   0.0006
-14.0   -68.0    0.0123    0.0014   0.0004   0.0006
-14.0   -67.0    0.0124    0.0013   0.0004   0.0006
-14.0   -66.0    0.0120    0.0011   0.0007   0.0009
-14.0   -65.0    0.0119    0.0007   0.0009   0.0014
-14.0   -64.0    0.0117   -0.0012   0.0008   0.0006
-14.0   -63.0    0.0118   -0.0017   0.0008   0.0004
-14.0   -62.0    0.0119   -0.0018   0.0008   0.0004
-14.0   -61.0    0.0118   -0.0019   0.0007   0.0004
-14.0   -60.0    0.0118   -0.0019   0.0007   0.0004
-14.0   -59.0    0.0118   -0.0024   0.0005   0.0003
-14.0   -58.0    0.0116   -0.0023   0.0002   0.0002
-14.0   -57.0    0.0120   -0.0026   0.0006   0.0002
-14.0   -56.0    0.0125   -0.0026   0.0006   0.0002
-14.0   -55.0    0.0128   -0.0028   0.0009   0.0002
-14.0   -54.0    0.0128   -0.0027   0.0008   0.0003
-14.0   -53.0    0.0132   -0.0027   0.0005   0.0003
-14.0   -52.0    0.0132   -0.0028   0.0005   0.0002
-14.0   -51.0    0.0133   -0.0028   0.0005   0.0002
-14.0   -50.0    0.0132   -0.0029   0.0006   0.0002
-14.0   -49.0    0.0127   -0.0027   0.0002   0.0003
-14.0   -48.0    0.0126   -0.0027   0.0002   0.0001
-14.0   -47.0    0.0130   -0.0024   0.0003   0.0003
-14.0   -46.0    0.0131   -0.0028   0.0003   0.0010
-14.0   -45.0    0.0131   -0.0028   0.0003   0.0010
-14.0   -44.0    0.0131   -0.0029   0.0003   0.0010
-14.0   -43.0    0.0128   -0.0033   0.0003   0.0009
-14.0   -42.0    0.0128   -0.0033   0.0003   0.0009
-14.0   -41.0    0.0129   -0.0034   0.0005   0.0008
-14.0   -40.0    0.0130   -0.0030   0.0005   0.0005
-14.0   -39.0    0.0132   -0.0032   0.0004   0.0006
-15.0   -76.0    0.0144    0.0153   0.0004   0.0049
-15.0   -75.0    0.0138    0.0128   0.0009   0.0051
-15.0   -74.0    0.0141    0.0112   0.0010   0.0026
-15.0   -73.0    0.0137    0.0101   0.0011   0.0029
-15.0   -72.0    0.0136    0.0082   0.0002   0.0005
-15.0   -71.0    0.0127    0.0079   0.0001   0.0015
-15.0   -70.0    0.0127    0.0064   0.0003   0.0028
-15.0   -69.0    0.0122    0.0026   0.0004   0.0009
-15.0   -68.0    0.0123    0.0026   0.0004   0.0009
-15.0   -67.0    0.0124    0.0024   0.0003   0.0008
-15.0   -66.0    0.0125    0.0020   0.0002   0.0002
-15.0   -65.0    0.0122    0.0011   0.0008   0.0014
-15.0   -64.0    0.0116   -0.0003   0.0006   0.0018
-15.0   -63.0    0.0112   -0.0017   0.0002   0.0003
-15.0   -62.0    0.0113   -0.0017   0.0002   0.0002
-15.0   -61.0    0.0113   -0.0018   0.0002   0.0002
-15.0   -60.0    0.0114   -0.0021   0.0002   0.0002
-15.0   -59.0    0.0116   -0.0022   0.0002   0.0002
-15.0   -58.0    0.0116   -0.0023   0.0002   0.0002
-15.0   -57.0    0.0120   -0.0025   0.0006   0.0002
-15.0   -56.0    0.0122   -0.0025   0.0006   0.0003
-15.0   -55.0    0.0124   -0.0026   0.0005   0.0003
-15.0   -54.0    0.0127   -0.0026   0.0009   0.0002
-15.0   -53.0    0.0127   -0.0026   0.0008   0.0002
-15.0   -52.0    0.0130   -0.0026   0.0006   0.0001
-15.0   -51.0    0.0131   -0.0026   0.0007   0.0001
-15.0   -50.0    0.0127   -0.0025   0.0002   0.0001
-15.0   -49.0    0.0129   -0.0026   0.0005   0.0002
-15.0   -48.0    0.0126   -0.0026   0.0002   0.0001
-15.0   -47.0    0.0129   -0.0024   0.0003   0.0003
-15.0   -46.0    0.0134   -0.0026   0.0004   0.0003
-15.0   -45.0    0.0133   -0.0023   0.0001   0.0002
-15.0   -44.0    0.0132   -0.0023   0.0000   0.0002
-15.0   -43.0    0.0134   -0.0032   0.0005   0.0007
-15.0   -42.0    0.0128   -0.0033   0.0003   0.0009
-15.0   -41.0    0.0131   -0.0029   0.0004   0.0007
-15.0   -40.0    0.0130   -0.0033   0.0004   0.0006
-15.0   -39.0    0.0130   -0.0032   0.0005   0.0005
-16.0   -75.0    0.0135    0.0104   0.0011   0.0029
-16.0   -74.0    0.0136    0.0103   0.0011   0.0029
-16.0   -73.0    0.0136    0.0085   0.0002   0.0005
-16.0   -72.0    0.0125    0.0116   0.0002   0.0063
-16.0   -71.0    0.0126    0.0116   0.0002   0.0063
-16.0   -70.0    0.0122    0.0073   0.0012   0.0017
-16.0   -69.0    0.0117    0.0034   0.0010   0.0014
-16.0   -68.0    0.0123    0.0027   0.0004   0.0009
-16.0   -67.0    0.0125    0.0021   0.0002   0.0002
-16.0   -66.0    0.0125    0.0021   0.0002   0.0002
-16.0   -65.0    0.0116    0.0018   0.0006   0.0021
-16.0   -64.0    0.0117    0.0016   0.0006   0.0021
-16.0   -63.0    0.0116   -0.0003   0.0007   0.0018
-16.0   -62.0    0.0113   -0.0016   0.0002   0.0002
-16.0   -61.0    0.0113   -0.0017   0.0002   0.0002
-16.0   -60.0    0.0114   -0.0019   0.0002   0.0004
-16.0   -59.0    0.0116   -0.0021   0.0002   0.0002
-16.0   -58.0    0.0116   -0.0022   0.0002   0.0002
-16.0   -57.0    0.0120   -0.0024   0.0006   0.0002
-16.0   -56.0    0.0124   -0.0025   0.0005   0.0003
-16.0   -55.0    0.0127   -0.0026   0.0007   0.0002
-16.0   -54.0    0.0122   -0.0025   0.0004   0.0002
-16.0   -53.0    0.0130   -0.0025   0.0006   0.0001
-16.0   -52.0    0.0129   -0.0026   0.0005   0.0001
-16.0   -51.0    0.0126   -0.0025   0.0002   0.0001
-16.0   -50.0    0.0127   -0.0025   0.0002   0.0001
-16.0   -49.0    0.0126   -0.0026   0.0003   0.0003
-16.0   -48.0    0.0126   -0.0027   0.0003   0.0003
-16.0   -47.0    0.0130   -0.0027   0.0005   0.0004
-16.0   -46.0    0.0133   -0.0026   0.0001   0.0001
-16.0   -45.0    0.0134   -0.0024   0.0000   0.0002
-16.0   -44.0    0.0135   -0.0026   0.0000   0.0002
-16.0   -43.0    0.0136   -0.0026   0.0000   0.0002
-16.0   -42.0    0.0133   -0.0029   0.0006   0.0003
-16.0   -41.0    0.0130   -0.0030   0.0005   0.0007
-16.0   -40.0    0.0130   -0.0031   0.0005   0.0007
-16.0   -39.0    0.0130   -0.0032   0.0005   0.0007
-17.0   -73.0    0.0123    0.0123   0.0002   0.0072
-17.0   -72.0    0.0125    0.0118   0.0002   0.0063
-17.0   -71.0    0.0120    0.0098   0.0016   0.0058
-17.0   -70.0    0.0109    0.0079   0.0030   0.0062
-17.0   -69.0    0.0105    0.0038   0.0033   0.0036
-17.0   -68.0    0.0119    0.0031   0.0008   0.0013
-17.0   -67.0    0.0122    0.0028   0.0004   0.0010
-17.0   -66.0    0.0125    0.0030   0.0008   0.0014
-17.0   -65.0    0.0116    0.0020   0.0006   0.0020
-17.0   -64.0    0.0117    0.0015   0.0006   0.0020
-17.0   -63.0    0.0116   -0.0002   0.0007   0.0018
-17.0   -62.0    0.0117   -0.0008   0.0006   0.0017
-17.0   -61.0    0.0113   -0.0016   0.0002   0.0003
-17.0   -60.0    0.0114   -0.0018   0.0002   0.0004
-17.0   -59.0    0.0115   -0.0018   0.0002   0.0004
-17.0   -58.0    0.0116   -0.0021   0.0002   0.0002
-17.0   -57.0    0.0123   -0.0020   0.0013   0.0005
-17.0   -56.0    0.0125   -0.0021   0.0009   0.0004
-17.0   -55.0    0.0127   -0.0021   0.0010   0.0005
-17.0   -54.0    0.0122   -0.0025   0.0004   0.0002
-17.0   -53.0    0.0124   -0.0024   0.0004   0.0002
-17.0   -52.0    0.0125   -0.0024   0.0002   0.0001
-17.0   -51.0    0.0126   -0.0025   0.0002   0.0001
-17.0   -50.0    0.0126   -0.0025   0.0002   0.0002
-17.0   -49.0    0.0126   -0.0026   0.0003   0.0003
-17.0   -48.0    0.0126   -0.0027   0.0003   0.0003
-17.0   -47.0    0.0128   -0.0027   0.0004   0.0003
-17.0   -46.0    0.0133   -0.0026   0.0001   0.0001
-17.0   -45.0    0.0136   -0.0025   0.0001   0.0002
-17.0   -44.0    0.0138   -0.0027   0.0000   0.0002
-17.0   -43.0    0.0139   -0.0029   0.0000   0.0002
-17.0   -42.0    0.0137   -0.0031   0.0000   0.0000
-17.0   -41.0    0.0129   -0.0034   0.0003   0.0002
-17.0   -40.0    0.0130   -0.0031   0.0005   0.0007
-17.0   -39.0    0.0130   -0.0032   0.0005   0.0007
-18.0   -72.0    0.0117    0.0108   0.0016   0.0060
-18.0   -71.0    0.0109    0.0092   0.0029   0.0064
-18.0   -70.0    0.0084    0.0049   0.0031   0.0070
-18.0   -69.0    0.0094    0.0030   0.0025   0.0035
-18.0   -68.0    0.0115    0.0021   0.0025   0.0026
-18.0   -67.0    0.0118    0.0027   0.0007   0.0019
-18.0   -66.0    0.0127    0.0029   0.0010   0.0019
-18.0   -65.0    0.0125    0.0024   0.0013   0.0027
-18.0   -64.0    0.0126    0.0024   0.0013   0.0027
-18.0   -63.0    0.0127    0.0023   0.0013   0.0027
-18.0   -62.0    0.0117   -0.0002   0.0007   0.0018
-18.0   -61.0    0.0118   -0.0007   0.0006   0.0015
-18.0   -60.0    0.0113   -0.0017   0.0000   0.0004
-18.0   -59.0    0.0114   -0.0018   0.0000   0.0004
-18.0   -58.0    0.0123   -0.0018   0.0013   0.0005
-18.0   -57.0    0.0125   -0.0019   0.0013   0.0005
-18.0   -56.0    0.0128   -0.0020   0.0010   0.0005
-18.0   -55.0    0.0128   -0.0020   0.0011   0.0005
-18.0   -54.0    0.0131   -0.0020   0.0009   0.0004
-18.0   -53.0    0.0130   -0.0021   0.0008   0.0004
-18.0   -52.0    0.0126   -0.0023   0.0001   0.0002
-18.0   -51.0    0.0126   -0.0023   0.0002   0.0002
-18.0   -50.0    0.0125   -0.0027   0.0003   0.0003
-18.0   -49.0    0.0125   -0.0028   0.0003   0.0003
-18.0   -48.0    0.0125   -0.0028   0.0003   0.0003
-18.0   -47.0    0.0128   -0.0029   0.0005   0.0002
-18.0   -46.0    0.0131   -0.0029   0.0005   0.0003
-18.0   -45.0    0.0135   -0.0028   0.0000   0.0001
-18.0   -44.0    0.0135   -0.0036   0.0001   0.0002
-18.0   -43.0    0.0136   -0.0031   0.0000   0.0000
-18.0   -42.0    0.0134   -0.0033   0.0004   0.0003
-18.0   -41.0    0.0132   -0.0035   0.0002   0.0002
-18.0   -40.0    0.0131   -0.0036   0.0002   0.0002
-18.0   -39.0    0.0132   -0.0037   0.0002   0.0002
-19.0   -71.0    0.0099    0.0080   0.0037   0.0082
-19.0   -70.0    0.0093    0.0018   0.0031   0.0034
-19.0   -69.0    0.0100    0.0017   0.0034   0.0029
-19.0   -68.0    0.0125    0.0014   0.0035   0.0028
-19.0   -67.0    0.0140    0.0024   0.0018   0.0028
-19.0   -66.0    0.0136    0.0037   0.0018   0.0022
-19.0   -65.0    0.0125    0.0025   0.0013   0.0027
-19.0   -64.0    0.0126    0.0025   0.0013   0.0027
-19.0   -63.0    0.0120    0.0005   0.0006   0.0015
-19.0   -62.0    0.0122    0.0006   0.0012   0.0026
-19.0   -61.0    0.0116   -0.0011   0.0005   0.0005
-19.0   -60.0    0.0117   -0.0011   0.0005   0.0005
-19.0   -59.0    0.0121   -0.0016   0.0012   0.0005
-19.0   -58.0    0.0122   -0.0017   0.0012   0.0004
-19.0   -57.0    0.0125   -0.0016   0.0013   0.0005
-19.0   -56.0    0.0126   -0.0017   0.0013   0.0005
-19.0   -55.0    0.0128   -0.0018   0.0011   0.0004
-19.0   -54.0    0.0132   -0.0018   0.0009   0.0004
-19.0   -53.0    0.0132   -0.0019   0.0009   0.0004
-19.0   -52.0    0.0123   -0.0021   0.0004   0.0004
-19.0   -51.0    0.0127   -0.0023   0.0002   0.0002
-19.0   -50.0    0.0127   -0.0024   0.0004   0.0004
-19.0   -49.0    0.0127   -0.0027   0.0004   0.0003
-19.0   -48.0    0.0127   -0.0029   0.0005   0.0002
-19.0   -47.0    0.0128   -0.0028   0.0005   0.0000
-19.0   -46.0    0.0131   -0.0031   0.0001   0.0009
-19.0   -45.0    0.0134   -0.0033   0.0003   0.0007
-19.0   -44.0    0.0129   -0.0033   0.0006   0.0009
-19.0   -43.0    0.0127   -0.0035   0.0006   0.0010
-19.0   -42.0    0.0129   -0.0034   0.0007   0.0008
-19.0   -41.0    0.0133   -0.0034   0.0002   0.0002
-19.0   -40.0    0.0132   -0.0035   0.0002   0.0002
-19.0   -39.0    0.0132   -0.0036   0.0002   0.0002
-20.0   -71.0    0.0116    0.0128   0.0022   0.0102
-20.0   -70.0    0.0123    0.0014   0.0031   0.0031
-20.0   -69.0    0.0147    0.0019   0.0030   0.0035
-20.0   -68.0    0.0170    0.0049   0.0021   0.0033
-20.0   -67.0    0.0162    0.0041   0.0025   0.0035
-20.0   -66.0    0.0159    0.0044   0.0017   0.0024
-20.0   -65.0    0.0144    0.0044   0.0021   0.0030
-20.0   -64.0    0.0135    0.0027   0.0023   0.0033
-20.0   -63.0    0.0134    0.0039   0.0021   0.0042
-20.0   -62.0    0.0131    0.0021   0.0021   0.0049
-20.0   -61.0    0.0117   -0.0019   0.0005   0.0018
-20.0   -60.0    0.0118   -0.0019   0.0005   0.0018
-20.0   -59.0    0.0124   -0.0011   0.0013   0.0002
-20.0   -58.0    0.0124   -0.0015   0.0013   0.0005
-20.0   -57.0    0.0120   -0.0016   0.0014   0.0004
-20.0   -56.0    0.0122   -0.0014   0.0016   0.0002
-20.0   -55.0    0.0122   -0.0015   0.0016   0.0002
-20.0   -54.0    0.0129   -0.0016   0.0011   0.0002
-20.0   -53.0    0.0131   -0.0015   0.0011   0.0002
-20.0   -52.0    0.0123   -0.0018   0.0004   0.0003
-20.0   -51.0    0.0126   -0.0020   0.0005   0.0003
-20.0   -50.0    0.0128   -0.0023   0.0002   0.0002
-20.0   -49.0    0.0126   -0.0026   0.0004   0.0003
-20.0   -48.0    0.0126   -0.0027   0.0004   0.0003
-20.0   -47.0    0.0127   -0.0027   0.0005   0.0003
-20.0   -46.0    0.0133   -0.0035   0.0002   0.0008
-20.0   -45.0    0.0133   -0.0036   0.0002   0.0008
-20.0   -44.0    0.0129   -0.0034   0.0007   0.0009
-20.0   -43.0    0.0127   -0.0034   0.0006   0.0010
-20.0   -42.0    0.0129   -0.0030   0.0008   0.0003
-20.0   -41.0    0.0133   -0.0033   0.0002   0.0001
-20.0   -40.0    0.0133   -0.0034   0.0002   0.0001
-21.0   -71.0    0.0142    0.0201   0.0015   0.0129
-21.0   -70.0    0.0150    0.0213   0.0017   0.0119
-21.0   -69.0    0.0159    0.0114   0.0029   0.0117
-21.0   -68.0    0.0179    0.0105   0.0010   0.0060
-21.0   -67.0    0.0181    0.0076   0.0010   0.0049
-21.0   -66.0    0.0164    0.0086   0.0021   0.0032
-21.0   -65.0    0.0140    0.0058   0.0022   0.0036
-21.0   -64.0    0.0137    0.0057   0.0022   0.0036
-21.0   -63.0    0.0121    0.0032   0.0008   0.0050
-21.0   -62.0    0.0117   -0.0017   0.0005   0.0018
-21.0   -61.0    0.0117   -0.0018   0.0005   0.0018
-21.0   -60.0    0.0118   -0.0019   0.0005   0.0018
-21.0   -59.0    0.0125   -0.0022   0.0012   0.0013
-21.0   -58.0    0.0125   -0.0022   0.0012   0.0013
-21.0   -57.0    0.0121   -0.0013   0.0016   0.0002
-21.0   -56.0    0.0122   -0.0014   0.0016   0.0002
-21.0   -55.0    0.0122   -0.0015   0.0016   0.0002
-21.0   -54.0    0.0122   -0.0015   0.0016   0.0002
-21.0   -53.0    0.0124   -0.0015   0.0014   0.0002
-21.0   -52.0    0.0122   -0.0020   0.0008   0.0004
-21.0   -51.0    0.0127   -0.0022   0.0004   0.0004
-21.0   -50.0    0.0126   -0.0023   0.0004   0.0003
-21.0   -49.0    0.0127   -0.0025   0.0003   0.0001
-21.0   -48.0    0.0127   -0.0025   0.0003   0.0000
-21.0   -47.0    0.0130   -0.0027   0.0005   0.0002
-21.0   -46.0    0.0135   -0.0028   0.0001   0.0003
-21.0   -45.0    0.0132   -0.0036   0.0002   0.0007
-21.0   -44.0    0.0128   -0.0034   0.0007   0.0009
-21.0   -43.0    0.0126   -0.0034   0.0006   0.0010
-21.0   -42.0    0.0128   -0.0030   0.0007   0.0003
-21.0   -41.0    0.0128   -0.0031   0.0007   0.0003
-21.0   -40.0    0.0129   -0.0033   0.0007   0.0003
-22.0   -71.0    0.0169    0.0314   0.0028   0.0022
-22.0   -70.0    0.0151    0.0245   0.0023   0.0109
-22.0   -69.0    0.0170    0.0204   0.0016   0.0075
-22.0   -68.0    0.0179    0.0126   0.0011   0.0067
-22.0   -67.0    0.0173    0.0129   0.0019   0.0038
-22.0   -66.0    0.0163    0.0109   0.0023   0.0027
-22.0   -65.0    0.0142    0.0068   0.0025   0.0052
-22.0   -64.0    0.0130    0.0045   0.0018   0.0041
-22.0   -63.0    0.0123    0.0021   0.0007   0.0060
-22.0   -62.0    0.0124    0.0020   0.0007   0.0060
-22.0   -61.0    0.0124    0.0019   0.0007   0.0060
-22.0   -60.0    0.0118   -0.0019   0.0004   0.0018
-22.0   -59.0    0.0125   -0.0017   0.0010   0.0016
-22.0   -58.0    0.0125   -0.0022   0.0012   0.0013
-22.0   -57.0    0.0121   -0.0012   0.0016   0.0002
-22.0   -56.0    0.0122   -0.0013   0.0016   0.0002
-22.0   -55.0    0.0122   -0.0014   0.0016   0.0002
-22.0   -54.0    0.0122   -0.0015   0.0016   0.0002
-22.0   -53.0    0.0124   -0.0018   0.0015   0.0003
-22.0   -52.0    0.0125   -0.0019   0.0011   0.0003
-22.0   -51.0    0.0129   -0.0020   0.0008   0.0005
-22.0   -50.0    0.0125   -0.0020   0.0004   0.0005
-22.0   -49.0    0.0126   -0.0022   0.0003   0.0005
-22.0   -48.0    0.0127   -0.0023   0.0004   0.0004
-22.0   -47.0    0.0131   -0.0027   0.0007   0.0005
-22.0   -46.0    0.0134   -0.0029   0.0007   0.0003
-22.0   -45.0    0.0136   -0.0029   0.0007   0.0003
-22.0   -44.0    0.0129   -0.0027   0.0007   0.0004
-22.0   -43.0    0.0128   -0.0027   0.0008   0.0003
-22.0   -42.0    0.0128   -0.0028   0.0008   0.0003
-22.0   -41.0    0.0128   -0.0031   0.0007   0.0003
-23.0   -71.0    0.0174    0.0319   0.0028   0.0022
-23.0   -70.0    0.0172    0.0290   0.0025   0.0052
-23.0   -69.0    0.0172    0.0252   0.0023   0.0076
-23.0   -68.0    0.0172    0.0166   0.0010   0.0021
-23.0   -67.0    0.0166    0.0147   0.0021   0.0028
-23.0   -66.0    0.0149    0.0124   0.0020   0.0021
-23.0   -65.0    0.0127    0.0049   0.0005   0.0042
-23.0   -64.0    0.0128    0.0048   0.0005   0.0042
-23.0   -63.0    0.0123    0.0022   0.0007   0.0060
-23.0   -62.0    0.0124    0.0021   0.0007   0.0060
-23.0   -61.0    0.0124    0.0007   0.0007   0.0051
-23.0   -60.0    0.0122   -0.0018   0.0004   0.0017
-23.0   -59.0    0.0121   -0.0017   0.0005   0.0016
-23.0   -58.0    0.0125   -0.0022   0.0012   0.0013
-23.0   -57.0    0.0130   -0.0012   0.0021   0.0002
-23.0   -56.0    0.0122   -0.0012   0.0016   0.0002
-23.0   -55.0    0.0130   -0.0014   0.0021   0.0002
-23.0   -54.0    0.0122   -0.0016   0.0017   0.0001
-23.0   -53.0    0.0127   -0.0019   0.0016   0.0001
-23.0   -52.0    0.0125   -0.0019   0.0013   0.0004
-23.0   -51.0    0.0129   -0.0019   0.0009   0.0006
-23.0   -50.0    0.0124   -0.0015   0.0002   0.0004
-23.0   -49.0    0.0126   -0.0020   0.0003   0.0006
-23.0   -48.0    0.0127   -0.0021   0.0007   0.0006
-23.0   -47.0    0.0131   -0.0026   0.0007   0.0005
-23.0   -46.0    0.0135   -0.0029   0.0007   0.0003
-23.0   -45.0    0.0136   -0.0029   0.0008   0.0004
-23.0   -44.0    0.0134   -0.0029   0.0009   0.0004
-23.0   -43.0    0.0130   -0.0028   0.0006   0.0003
-23.0   -42.0    0.0131   -0.0029   0.0006   0.0003
-24.0   -71.0    0.0181    0.0324   0.0023   0.0021
-24.0   -70.0    0.0177    0.0275   0.0019   0.0064
-24.0   -69.0    0.0177    0.0242   0.0020   0.0072
-24.0   -68.0    0.0167    0.0185   0.0003   0.0014
-24.0   -67.0    0.0150    0.0113   0.0021   0.0044
-24.0   -66.0    0.0141    0.0104   0.0016   0.0049
-24.0   -65.0    0.0127    0.0050   0.0005   0.0042
-24.0   -64.0    0.0128    0.0049   0.0005   0.0042
-24.0   -63.0    0.0124   -0.0000   0.0008   0.0032
-24.0   -62.0    0.0125   -0.0009   0.0008   0.0031
-24.0   -61.0    0.0124   -0.0005   0.0007   0.0028
-24.0   -60.0    0.0122   -0.0017   0.0004   0.0017
-24.0   -59.0    0.0120   -0.0021   0.0005   0.0015
-24.0   -58.0    0.0120   -0.0022   0.0005   0.0015
-24.0   -57.0    0.0127   -0.0014   0.0019   0.0001
-24.0   -56.0    0.0127   -0.0014   0.0023   0.0001
-24.0   -55.0    0.0127   -0.0015   0.0023   0.0001
-24.0   -54.0    0.0136   -0.0016   0.0023   0.0001
-24.0   -53.0    0.0137   -0.0017   0.0023   0.0001
-24.0   -52.0    0.0136   -0.0019   0.0020   0.0001
-24.0   -51.0    0.0134   -0.0017   0.0010   0.0005
-24.0   -50.0    0.0132   -0.0017   0.0010   0.0006
-24.0   -49.0    0.0128   -0.0018   0.0007   0.0006
-24.0   -48.0    0.0131   -0.0024   0.0007   0.0006
-24.0   -47.0    0.0134   -0.0027   0.0008   0.0005
-24.0   -46.0    0.0136   -0.0029   0.0008   0.0004
-25.0   -71.0    0.0182    0.0289   0.0022   0.0065
-25.0   -70.0    0.0184    0.0288   0.0022   0.0065
-25.0   -69.0    0.0175    0.0218   0.0020   0.0068
-25.0   -68.0    0.0160    0.0161   0.0016   0.0061
-25.0   -67.0    0.0155    0.0133   0.0017   0.0065
-25.0   -66.0    0.0129    0.0078   0.0024   0.0065
-25.0   -65.0    0.0127    0.0063   0.0005   0.0029
-25.0   -64.0    0.0123    0.0016   0.0008   0.0034
-25.0   -63.0    0.0124    0.0010   0.0008   0.0034
-25.0   -62.0    0.0116   -0.0002   0.0017   0.0034
-25.0   -61.0    0.0118   -0.0004   0.0016   0.0031
-25.0   -60.0    0.0123   -0.0016   0.0005   0.0014
-25.0   -59.0    0.0126   -0.0023   0.0007   0.0014
-25.0   -58.0    0.0126   -0.0022   0.0007   0.0014
-25.0   -57.0    0.0121   -0.0013   0.0015   0.0001
-25.0   -56.0    0.0132   -0.0015   0.0023   0.0001
-25.0   -55.0    0.0132   -0.0016   0.0023   0.0001
-25.0   -54.0    0.0130   -0.0017   0.0023   0.0001
-25.0   -53.0    0.0146   -0.0018   0.0011   0.0001
-25.0   -52.0    0.0146   -0.0019   0.0011   0.0001
-25.0   -51.0    0.0140   -0.0021   0.0006   0.0001
-25.0   -50.0    0.0134   -0.0023   0.0004   0.0001
-25.0   -49.0    0.0134   -0.0024   0.0004   0.0001
-25.0   -48.0    0.0133   -0.0025   0.0004   0.0001
-25.0   -47.0    0.0135   -0.0028   0.0006   0.0004
-26.0   -71.0    0.0187    0.0262   0.0019   0.0067
-26.0   -70.0    0.0189    0.0261   0.0019   0.0067
-26.0   -69.0    0.0149    0.0144   0.0041   0.0100
-26.0   -68.0    0.0148    0.0132   0.0035   0.0089
-26.0   -67.0    0.0127    0.0075   0.0032   0.0085
-26.0   -66.0    0.0115    0.0029   0.0014   0.0017
-26.0   -65.0    0.0123    0.0037   0.0006   0.0004
-26.0   -64.0    0.0112    0.0011   0.0021   0.0037
-26.0   -63.0    0.0107   -0.0015   0.0017   0.0033
-26.0   -62.0    0.0112   -0.0014   0.0016   0.0029
-26.0   -61.0    0.0110   -0.0027   0.0016   0.0014
-26.0   -60.0    0.0123   -0.0021   0.0005   0.0014
-26.0   -59.0    0.0126   -0.0020   0.0007   0.0013
-26.0   -58.0    0.0130   -0.0011   0.0004   0.0000
-26.0   -57.0    0.0121   -0.0012   0.0015   0.0001
-26.0   -56.0    0.0133   -0.0013   0.0020   0.0001
-26.0   -55.0    0.0132   -0.0015   0.0023   0.0001
-26.0   -54.0    0.0130   -0.0011   0.0023   0.0007
-26.0   -53.0    0.0131   -0.0014   0.0020   0.0006
-26.0   -52.0    0.0140   -0.0013   0.0013   0.0006
-26.0   -51.0    0.0134   -0.0016   0.0004   0.0006
-26.0   -50.0    0.0134   -0.0021   0.0004   0.0001
-26.0   -49.0    0.0133   -0.0023   0.0004   0.0001
-26.0   -48.0    0.0133   -0.0024   0.0004   0.0001
-27.0   -71.0    0.0180    0.0225   0.0008   0.0013
-27.0   -70.0    0.0182    0.0224   0.0007   0.0012
-27.0   -69.0    0.0149    0.0144   0.0041   0.0100
-27.0   -68.0    0.0149    0.0143   0.0041   0.0100
-27.0   -67.0    0.0109    0.0025   0.0012   0.0017
-27.0   -66.0    0.0101    0.0005   0.0015   0.0029
-27.0   -65.0    0.0106    0.0011   0.0014   0.0028
-27.0   -64.0    0.0106    0.0006   0.0017   0.0035
-27.0   -63.0    0.0108    0.0008   0.0017   0.0035
-27.0   -62.0    0.0112   -0.0014   0.0016   0.0029
-27.0   -61.0    0.0110   -0.0027   0.0017   0.0014
-27.0   -60.0    0.0124   -0.0017   0.0005   0.0013
-27.0   -59.0    0.0128   -0.0009   0.0003   0.0000
-27.0   -58.0    0.0130   -0.0010   0.0004   0.0000
-27.0   -57.0    0.0125   -0.0011   0.0013   0.0001
-27.0   -56.0    0.0124   -0.0012   0.0016   0.0001
-27.0   -55.0    0.0124   -0.0014   0.0016   0.0001
-27.0   -54.0    0.0125   -0.0012   0.0014   0.0006
-27.0   -53.0    0.0122   -0.0012   0.0014   0.0006
-27.0   -52.0    0.0131   -0.0013   0.0001   0.0006
-27.0   -51.0    0.0132   -0.0014   0.0001   0.0006
-27.0   -50.0    0.0136   -0.0021   0.0007   0.0002
-27.0   -49.0    0.0136   -0.0022   0.0007   0.0002
-27.0   -48.0    0.0136   -0.0024   0.0008   0.0002
-28.0   -72.0    0.0178    0.0226   0.0008   0.0014
-28.0   -71.0    0.0180    0.0228   0.0008   0.0013
-28.0   -70.0    0.0171    0.0199   0.0036   0.0087
-28.0   -69.0    0.0160    0.0167   0.0043   0.0102
-28.0   -68.0    0.0120    0.0060   0.0039   0.0096
-28.0   -67.0    0.0101    0.0010   0.0011   0.0023
-28.0   -66.0    0.0101    0.0006   0.0015   0.0029
-28.0   -65.0    0.0102    0.0004   0.0015   0.0029
-28.0   -64.0    0.0099   -0.0008   0.0015   0.0031
-28.0   -63.0    0.0108    0.0008   0.0017   0.0035
-28.0   -62.0    0.0111   -0.0005   0.0018   0.0029
-28.0   -61.0    0.0113   -0.0018   0.0019   0.0016
-28.0   -60.0    0.0122   -0.0017   0.0016   0.0013
-28.0   -59.0    0.0129   -0.0009   0.0003   0.0000
-28.0   -58.0    0.0130   -0.0010   0.0004   0.0000
-28.0   -57.0    0.0132   -0.0011   0.0004   0.0000
-28.0   -56.0    0.0124   -0.0012   0.0016   0.0001
-28.0   -55.0    0.0124   -0.0013   0.0016   0.0001
-28.0   -54.0    0.0127   -0.0012   0.0013   0.0006
-28.0   -53.0    0.0122   -0.0011   0.0014   0.0006
-28.0   -52.0    0.0132   -0.0011   0.0002   0.0006
-28.0   -51.0    0.0136   -0.0014   0.0007   0.0006
-28.0   -50.0    0.0137   -0.0020   0.0007   0.0002
-28.0   -49.0    0.0135   -0.0021   0.0007   0.0002
-28.0   -48.0    0.0136   -0.0023   0.0008   0.0002
-29.0   -72.0    0.0185    0.0157   0.0004   0.0139
-29.0   -71.0    0.0185    0.0194   0.0003   0.0100
-29.0   -70.0    0.0179    0.0090   0.0017   0.0149
-29.0   -69.0    0.0177    0.0137   0.0016   0.0149
-29.0   -68.0    0.0124    0.0074   0.0044   0.0109
-29.0   -67.0    0.0101    0.0011   0.0011   0.0023
-29.0   -66.0    0.0101    0.0010   0.0011   0.0023
-29.0   -65.0    0.0098   -0.0004   0.0015   0.0032
-29.0   -64.0    0.0099   -0.0005   0.0015   0.0032
-29.0   -63.0    0.0108   -0.0011   0.0015   0.0027
-29.0   -62.0    0.0113   -0.0018   0.0017   0.0015
-29.0   -61.0    0.0126   -0.0012   0.0002   0.0007
-29.0   -60.0    0.0127   -0.0013   0.0002   0.0007
-29.0   -59.0    0.0127   -0.0010   0.0002   0.0004
-29.0   -58.0    0.0131   -0.0012   0.0005   0.0006
-29.0   -57.0    0.0136   -0.0015   0.0004   0.0007
-29.0   -56.0    0.0137   -0.0016   0.0004   0.0007
-29.0   -55.0    0.0136   -0.0018   0.0004   0.0007
-29.0   -54.0    0.0136   -0.0019   0.0004   0.0007
-29.0   -53.0    0.0134   -0.0011   0.0002   0.0006
-29.0   -52.0    0.0133   -0.0012   0.0002   0.0006
-29.0   -51.0    0.0136   -0.0013   0.0007   0.0006
-29.0   -50.0    0.0138   -0.0018   0.0007   0.0003
-29.0   -49.0    0.0137   -0.0021   0.0007   0.0002
-30.0   -72.0    0.0189    0.0161   0.0031   0.0121
-30.0   -71.0    0.0175    0.0023   0.0019   0.0109
-30.0   -70.0    0.0177    0.0021   0.0019   0.0109
-30.0   -69.0    0.0178    0.0020   0.0019   0.0109
-30.0   -68.0    0.0158    0.0012   0.0041   0.0133
-30.0   -67.0    0.0124   -0.0020   0.0033   0.0045
-30.0   -66.0    0.0108   -0.0013   0.0010   0.0013
-30.0   -65.0    0.0109   -0.0015   0.0010   0.0013
-30.0   -64.0    0.0110   -0.0016   0.0010   0.0013
-30.0   -63.0    0.0107   -0.0024   0.0016   0.0016
-30.0   -62.0    0.0122   -0.0020   0.0004   0.0013
-30.0   -61.0    0.0126   -0.0013   0.0002   0.0007
-30.0   -60.0    0.0127   -0.0014   0.0002   0.0007
-30.0   -59.0    0.0128   -0.0015   0.0002   0.0007
-30.0   -58.0    0.0132   -0.0015   0.0006   0.0006
-30.0   -57.0    0.0138   -0.0021   0.0005   0.0009
-30.0   -56.0    0.0139   -0.0023   0.0005   0.0009
-30.0   -55.0    0.0140   -0.0025   0.0004   0.0008
-30.0   -54.0    0.0137   -0.0021   0.0004   0.0007
-30.0   -53.0    0.0132   -0.0018   0.0005   0.0007
-30.0   -52.0    0.0132   -0.0019   0.0005   0.0007
-30.0   -51.0    0.0133   -0.0018   0.0004   0.0006
-30.0   -50.0    0.0138   -0.0017   0.0007   0.0003
-31.0   -72.0    0.0191    0.0214   0.0039   0.0046
-31.0   -71.0    0.0181    0.0098   0.0032   0.0137
-31.0   -70.0    0.0165   -0.0012   0.0021   0.0111
-31.0   -69.0    0.0165   -0.0076   0.0021   0.0019
-31.0   -68.0    0.0166   -0.0077   0.0021   0.0019
-31.0   -67.0    0.0148   -0.0063   0.0028   0.0024
-31.0   -66.0    0.0118   -0.0029   0.0004   0.0026
-31.0   -65.0    0.0113   -0.0025   0.0011   0.0024
-31.0   -64.0    0.0116   -0.0026   0.0011   0.0022
-31.0   -63.0    0.0121   -0.0018   0.0004   0.0013
-31.0   -62.0    0.0121   -0.0019   0.0004   0.0011
-31.0   -61.0    0.0123   -0.0017   0.0004   0.0005
-31.0   -60.0    0.0124   -0.0019   0.0004   0.0004
-31.0   -59.0    0.0126   -0.0020   0.0002   0.0005
-31.0   -58.0    0.0127   -0.0014   0.0002   0.0007
-31.0   -57.0    0.0134   -0.0022   0.0007   0.0008
-31.0   -56.0    0.0139   -0.0023   0.0005   0.0009
-31.0   -55.0    0.0137   -0.0022   0.0005   0.0008
-31.0   -54.0    0.0133   -0.0023   0.0006   0.0008
-31.0   -53.0    0.0132   -0.0023   0.0005   0.0005
-31.0   -52.0    0.0132   -0.0018   0.0005   0.0007
-31.0   -51.0    0.0133   -0.0019   0.0005   0.0007
-31.0   -50.0    0.0136   -0.0022   0.0009   0.0007
-32.0   -72.0    0.0193    0.0158   0.0036   0.0058
-32.0   -71.0    0.0189    0.0101   0.0031   0.0098
-32.0   -70.0    0.0179    0.0038   0.0033   0.0111
-32.0   -69.0    0.0151   -0.0037   0.0021   0.0075
-32.0   -68.0    0.0157   -0.0057   0.0022   0.0026
-32.0   -67.0    0.0139   -0.0061   0.0013   0.0027
-32.0   -66.0    0.0118   -0.0028   0.0004   0.0026
-32.0   -65.0    0.0119   -0.0029   0.0004   0.0026
-32.0   -64.0    0.0120   -0.0030   0.0004   0.0026
-32.0   -63.0    0.0121   -0.0017   0.0004   0.0013
-32.0   -62.0    0.0121   -0.0013   0.0004   0.0008
-32.0   -61.0    0.0123   -0.0016   0.0004   0.0005
-32.0   -60.0    0.0124   -0.0018   0.0004   0.0004
-32.0   -59.0    0.0126   -0.0019   0.0004   0.0004
-32.0   -58.0    0.0127   -0.0015   0.0002   0.0006
-32.0   -57.0    0.0129   -0.0017   0.0006   0.0009
-32.0   -56.0    0.0132   -0.0019   0.0007   0.0010
-32.0   -55.0    0.0133   -0.0018   0.0007   0.0011
-32.0   -54.0    0.0133   -0.0024   0.0007   0.0008
-32.0   -53.0    0.0132   -0.0024   0.0005   0.0002
-32.0   -52.0    0.0132   -0.0023   0.0005   0.0008
-32.0   -51.0    0.0133   -0.0023   0.0005   0.0008
-33.0   -72.0    0.0220    0.0117   0.0055   0.0071
-33.0   -71.0    0.0198    0.0079   0.0059   0.0091
-33.0   -70.0    0.0160    0.0005   0.0035   0.0096
-33.0   -69.0    0.0153   -0.0024   0.0016   0.0082
-33.0   -68.0    0.0136   -0.0070   0.0019   0.0030
-33.0   -67.0    0.0139   -0.0043   0.0015   0.0014
-33.0   -66.0    0.0123   -0.0037   0.0004   0.0016
-33.0   -65.0    0.0119   -0.0028   0.0004   0.0026
-33.0   -64.0    0.0120   -0.0030   0.0004   0.0026
-33.0   -63.0    0.0118   -0.0015   0.0002   0.0006
-33.0   -62.0    0.0121   -0.0017   0.0004   0.0011
-33.0   -61.0    0.0123   -0.0015   0.0004   0.0005
-33.0   -60.0    0.0125   -0.0017   0.0004   0.0004
-33.0   -59.0    0.0126   -0.0018   0.0004   0.0004
-33.0   -58.0    0.0127   -0.0018   0.0002   0.0004
-33.0   -57.0    0.0127   -0.0013   0.0003   0.0009
-33.0   -56.0    0.0130   -0.0013   0.0004   0.0008
-33.0   -55.0    0.0131   -0.0013   0.0004   0.0007
-33.0   -54.0    0.0131   -0.0018   0.0005   0.0007
-33.0   -53.0    0.0132   -0.0023   0.0005   0.0002
-33.0   -52.0    0.0132   -0.0024   0.0005   0.0003
-34.0   -72.0    0.0230    0.0063   0.0051   0.0123
-34.0   -71.0    0.0196    0.0011   0.0049   0.0144
-34.0   -70.0    0.0159   -0.0022   0.0049   0.0128
-34.0   -69.0    0.0133   -0.0055   0.0020   0.0109
-34.0   -68.0    0.0126   -0.0075   0.0015   0.0030
-34.0   -67.0    0.0122   -0.0070   0.0007   0.0029
-34.0   -66.0    0.0122   -0.0059   0.0006   0.0029
-34.0   -65.0    0.0119   -0.0060   0.0005   0.0029
-34.0   -64.0    0.0128   -0.0039   0.0008   0.0024
-34.0   -63.0    0.0127   -0.0036   0.0009   0.0024
-34.0   -62.0    0.0128   -0.0026   0.0009   0.0014
-34.0   -61.0    0.0127   -0.0023   0.0008   0.0013
-34.0   -60.0    0.0127   -0.0017   0.0006   0.0003
-34.0   -59.0    0.0128   -0.0019   0.0006   0.0003
-34.0   -58.0    0.0130   -0.0020   0.0004   0.0003
-34.0   -57.0    0.0130   -0.0016   0.0005   0.0008
-34.0   -56.0    0.0131   -0.0012   0.0005   0.0007
-34.0   -55.0    0.0132   -0.0016   0.0004   0.0006
-34.0   -54.0    0.0133   -0.0017   0.0004   0.0006
-34.0   -53.0    0.0135   -0.0020   0.0000   0.0003
-35.0   -73.0    0.0214   -0.0051   0.0051   0.0125
-35.0   -72.0    0.0216   -0.0047   0.0044   0.0135
-35.0   -71.0    0.0204   -0.0051   0.0050   0.0122
-35.0   -70.0    0.0179   -0.0101   0.0043   0.0111
-35.0   -69.0    0.0137   -0.0137   0.0022   0.0063
-35.0   -68.0    0.0120   -0.0074   0.0018   0.0062
-35.0   -67.0    0.0116   -0.0090   0.0005   0.0020
-35.0   -66.0    0.0117   -0.0086   0.0005   0.0021
-35.0   -65.0    0.0124   -0.0070   0.0008   0.0018
-35.0   -64.0    0.0134   -0.0054   0.0005   0.0007
-35.0   -63.0    0.0132   -0.0043   0.0010   0.0019
-35.0   -62.0    0.0135   -0.0039   0.0009   0.0017
-35.0   -61.0    0.0133   -0.0027   0.0010   0.0013
-35.0   -60.0    0.0136   -0.0028   0.0007   0.0012
-35.0   -59.0    0.0134   -0.0021   0.0006   0.0006
-35.0   -58.0    0.0131   -0.0018   0.0003   0.0003
-35.0   -57.0    0.0133   -0.0020   0.0003   0.0003
-35.0   -56.0    0.0133   -0.0017   0.0005   0.0008
-35.0   -55.0    0.0132   -0.0014   0.0005   0.0006
-35.0   -54.0    0.0135   -0.0018   0.0000   0.0002
-36.0   -73.0    0.0200   -0.0036   0.0031   0.0132
-36.0   -72.0    0.0187   -0.0073   0.0041   0.0140
-36.0   -71.0    0.0187   -0.0136   0.0031   0.0109
-36.0   -70.0    0.0190   -0.0191   0.0033   0.0060
-36.0   -69.0    0.0147   -0.0147   0.0036   0.0056
-36.0   -68.0    0.0135   -0.0150   0.0028   0.0065
-36.0   -67.0    0.0124   -0.0121   0.0015   0.0033
-36.0   -66.0    0.0130   -0.0071   0.0013   0.0016
-36.0   -65.0    0.0133   -0.0063   0.0012   0.0019
-36.0   -64.0    0.0140   -0.0056   0.0006   0.0010
-36.0   -63.0    0.0138   -0.0043   0.0002   0.0014
-36.0   -62.0    0.0140   -0.0042   0.0002   0.0011
-36.0   -61.0    0.0137   -0.0033   0.0007   0.0012
-36.0   -60.0    0.0138   -0.0033   0.0007   0.0012
-36.0   -59.0    0.0135   -0.0022   0.0007   0.0005
-36.0   -58.0    0.0137   -0.0023   0.0007   0.0005
-36.0   -57.0    0.0133   -0.0020   0.0003   0.0003
-36.0   -56.0    0.0135   -0.0019   0.0001   0.0005
-37.0   -74.0    0.0179   -0.0004   0.0032   0.0108
-37.0   -73.0    0.0181   -0.0017   0.0028   0.0121
-37.0   -72.0    0.0176   -0.0102   0.0028   0.0123
-37.0   -71.0    0.0183   -0.0077   0.0030   0.0125
-37.0   -70.0    0.0184   -0.0199   0.0032   0.0045
-37.0   -69.0    0.0189   -0.0212   0.0030   0.0039
-37.0   -68.0    0.0178   -0.0139   0.0033   0.0053
-37.0   -67.0    0.0142   -0.0072   0.0022   0.0013
-37.0   -66.0    0.0140   -0.0068   0.0019   0.0014
-37.0   -65.0    0.0140   -0.0047   0.0005   0.0013
-37.0   -64.0    0.0140   -0.0055   0.0006   0.0010
-37.0   -63.0    0.0140   -0.0045   0.0003   0.0010
-37.0   -62.0    0.0142   -0.0034   0.0002   0.0008
-37.0   -61.0    0.0142   -0.0035   0.0002   0.0008
-37.0   -60.0    0.0142   -0.0029   0.0001   0.0012
-37.0   -59.0    0.0143   -0.0023   0.0001   0.0004
-37.0   -58.0    0.0143   -0.0023   0.0001   0.0004
-37.0   -57.0    0.0141   -0.0024   0.0004   0.0005
-37.0   -56.0    0.0141   -0.0022   0.0004   0.0003
-38.0   -74.0    0.0174    0.0017   0.0026   0.0116
-38.0   -73.0    0.0175   -0.0050   0.0025   0.0120
-38.0   -72.0    0.0178   -0.0057   0.0026   0.0123
-38.0   -71.0    0.0178   -0.0106   0.0025   0.0081
-38.0   -70.0    0.0190   -0.0153   0.0021   0.0070
-38.0   -69.0    0.0194   -0.0144   0.0023   0.0075
-38.0   -68.0    0.0177   -0.0101   0.0033   0.0058
-38.0   -67.0    0.0163   -0.0085   0.0032   0.0053
-38.0   -66.0    0.0148   -0.0059   0.0012   0.0005
-38.0   -65.0    0.0144   -0.0051   0.0007   0.0009
-38.0   -64.0    0.0142   -0.0050   0.0005   0.0014
-38.0   -63.0    0.0143   -0.0051   0.0005   0.0014
-38.0   -62.0    0.0141   -0.0039   0.0003   0.0013
-38.0   -61.0    0.0143   -0.0027   0.0002   0.0007
-38.0   -60.0    0.0143   -0.0025   0.0002   0.0007
-38.0   -59.0    0.0143   -0.0021   0.0001   0.0004
-38.0   -58.0    0.0142   -0.0022   0.0001   0.0003
-38.0   -57.0    0.0143   -0.0024   0.0001   0.0004
-39.0   -74.0    0.0171    0.0072   0.0019   0.0103
-39.0   -73.0    0.0168    0.0037   0.0019   0.0116
-39.0   -72.0    0.0176   -0.0030   0.0019   0.0137
-39.0   -71.0    0.0186   -0.0069   0.0020   0.0120
-39.0   -70.0    0.0194   -0.0072   0.0024   0.0075
-39.0   -69.0    0.0188   -0.0108   0.0024   0.0053
-39.0   -68.0    0.0168   -0.0084   0.0019   0.0039
-39.0   -67.0    0.0154   -0.0053   0.0009   0.0011
-39.0   -66.0    0.0154   -0.0052   0.0009   0.0011
-39.0   -65.0    0.0147   -0.0042   0.0004   0.0013
-39.0   -64.0    0.0148   -0.0044   0.0004   0.0012
-39.0   -63.0    0.0149   -0.0044   0.0004   0.0013
-39.0   -62.0    0.0147   -0.0031   0.0005   0.0007
-39.0   -61.0    0.0143   -0.0027   0.0002   0.0007
-39.0   -60.0    0.0143   -0.0023   0.0002   0.0008
-39.0   -59.0    0.0143   -0.0021   0.0001   0.0004
-39.0   -58.0    0.0143   -0.0022   0.0001   0.0004
-40.0   -74.0    0.0163    0.0145   0.0011   0.0079
-40.0   -73.0    0.0174    0.0103   0.0019   0.0093
-40.0   -72.0    0.0169    0.0077   0.0022   0.0096
-40.0   -71.0    0.0175    0.0049   0.0021   0.0095
-40.0   -70.0    0.0185   -0.0036   0.0021   0.0048
-40.0   -69.0    0.0186   -0.0037   0.0021   0.0048
-40.0   -68.0    0.0153   -0.0051   0.0009   0.0011
-40.0   -67.0    0.0154   -0.0052   0.0009   0.0011
-40.0   -66.0    0.0154   -0.0052   0.0009   0.0011
-40.0   -65.0    0.0152   -0.0045   0.0010   0.0014
-40.0   -64.0    0.0148   -0.0043   0.0004   0.0013
-40.0   -63.0    0.0149   -0.0044   0.0004   0.0013
-40.0   -62.0    0.0150   -0.0044   0.0004   0.0013
-41.0   -74.0    0.0155    0.0157   0.0017   0.0051
-41.0   -73.0    0.0152    0.0144   0.0016   0.0048
-41.0   -72.0    0.0167    0.0125   0.0028   0.0070
-41.0   -71.0    0.0165    0.0089   0.0032   0.0049
-41.0   -70.0    0.0161    0.0037   0.0037   0.0031
-41.0   -69.0    0.0147    0.0002   0.0014   0.0054
-41.0   -68.0    0.0136   -0.0027   0.0027   0.0022
-41.0   -67.0    0.0137   -0.0036   0.0032   0.0019
-41.0   -66.0    0.0137   -0.0037   0.0031   0.0019
-41.0   -65.0    0.0142   -0.0040   0.0024   0.0017
-41.0   -64.0    0.0135   -0.0028   0.0024   0.0007
-41.0   -63.0    0.0134   -0.0029   0.0025   0.0007
-41.0   -62.0    0.0133   -0.0030   0.0025   0.0007
-42.0   -75.0    0.0150    0.0156   0.0016   0.0057
-42.0   -74.0    0.0144    0.0113   0.0017   0.0080
-42.0   -73.0    0.0136    0.0082   0.0008   0.0062
-42.0   -72.0    0.0137    0.0080   0.0008   0.0062
-42.0   -71.0    0.0138    0.0079   0.0008   0.0062
-42.0   -70.0    0.0132    0.0031   0.0006   0.0033
-42.0   -69.0    0.0131    0.0004   0.0024   0.0043
-42.0   -68.0    0.0133    0.0001   0.0027   0.0048
-42.0   -67.0    0.0135   -0.0031   0.0032   0.0019
-42.0   -66.0    0.0133   -0.0031   0.0031   0.0019
-42.0   -65.0    0.0133   -0.0031   0.0031   0.0018
-42.0   -64.0    0.0128   -0.0026   0.0025   0.0007
-42.0   -63.0    0.0130   -0.0027   0.0025   0.0007
-43.0   -75.0    0.0130    0.0070   0.0010   0.0060
-43.0   -74.0    0.0127    0.0037   0.0006   0.0033
-43.0   -73.0    0.0128    0.0036   0.0006   0.0033
-43.0   -72.0    0.0129    0.0035   0.0006   0.0033
-43.0   -71.0    0.0130    0.0033   0.0006   0.0033
-43.0   -70.0    0.0132    0.0032   0.0006   0.0033
-43.0   -69.0    0.0123    0.0022   0.0019   0.0034
-43.0   -68.0    0.0115    0.0000   0.0018   0.0009
-43.0   -67.0    0.0125   -0.0014   0.0024   0.0012
-43.0   -66.0    0.0122   -0.0009   0.0021   0.0015
-43.0   -65.0    0.0111   -0.0010   0.0022   0.0018
-43.0   -64.0    0.0120   -0.0023   0.0024   0.0007
-44.0   -75.0    0.0119    0.0023   0.0004   0.0009
-44.0   -74.0    0.0120    0.0022   0.0004   0.0009
-44.0   -73.0    0.0121    0.0020   0.0004   0.0009
-44.0   -72.0    0.0122    0.0019   0.0004   0.0009
-44.0   -71.0    0.0123    0.0017   0.0004   0.0009
-44.0   -70.0    0.0125    0.0016   0.0004   0.0009
-44.0   -69.0    0.0126    0.0015   0.0004   0.0009
-44.0   -68.0    0.0116    0.0001   0.0018   0.0009
-44.0   -67.0    0.0113   -0.0002   0.0017   0.0009
-44.0   -66.0    0.0124   -0.0008   0.0021   0.0015
-44.0   -65.0    0.0123   -0.0004   0.0019   0.0018
-45.0   -75.0    0.0119    0.0024   0.0004   0.0009
-45.0   -74.0    0.0120    0.0023   0.0004   0.0009
-45.0   -73.0    0.0121    0.0021   0.0004   0.0009
-45.0   -72.0    0.0122    0.0021   0.0004   0.0009
-45.0   -71.0    0.0123    0.0019   0.0004   0.0009
-45.0   -70.0    0.0125    0.0017   0.0004   0.0009
-45.0   -69.0    0.0126    0.0016   0.0004   0.0009
-45.0   -68.0    0.0113    0.0010   0.0015   0.0014
-45.0   -67.0    0.0112    0.0007   0.0015   0.0013
-45.0   -66.0    0.0111    0.0004   0.0015   0.0013
-45.0   -65.0    0.0128    0.0002   0.0017   0.0019
-46.0   -74.0    0.0121    0.0032   0.0006   0.0006
-46.0   -73.0    0.0121    0.0031   0.0006   0.0006
-46.0   -72.0    0.0122    0.0029   0.0006   0.0006
-46.0   -71.0    0.0123    0.0028   0.0006   0.0006
-46.0   -70.0    0.0126    0.0026   0.0006   0.0006
-46.0   -69.0    0.0127    0.0025   0.0006   0.0006
-46.0   -68.0    0.0128    0.0023   0.0006   0.0006
-46.0   -67.0    0.0116    0.0014   0.0018   0.0016
-46.0   -66.0    0.0115    0.0011   0.0018   0.0016
-47.0   -75.0    0.0120    0.0035   0.0006   0.0006
-47.0   -74.0    0.0121    0.0033   0.0006   0.0006
-47.0   -73.0    0.0122    0.0032   0.0006   0.0006
-47.0   -72.0    0.0127    0.0032   0.0009   0.0006
-47.0   -71.0    0.0129    0.0031   0.0009   0.0006
-47.0   -70.0    0.0133    0.0033   0.0011   0.0003
-47.0   -69.0    0.0134    0.0032   0.0011   0.0003
-47.0   -68.0    0.0135    0.0030   0.0011   0.0003
-47.0   -67.0    0.0136    0.0029   0.0011   0.0003
-47.0   -66.0    0.0126    0.0016   0.0024   0.0018
-47.0   -65.0    0.0126    0.0014   0.0024   0.0018
-48.0   -75.0    0.0127    0.0042   0.0011   0.0003
-48.0   -74.0    0.0128    0.0041   0.0011   0.0003
-48.0   -73.0    0.0129    0.0039   0.0011   0.0003
-48.0   -72.0    0.0130    0.0038   0.0011   0.0003
-48.0   -71.0    0.0131    0.0036   0.0011   0.0003
-48.0   -70.0    0.0133    0.0035   0.0011   0.0003
-48.0   -69.0    0.0134    0.0033   0.0011   0.0003
-48.0   -68.0    0.0142    0.0034   0.0016   0.0004
-48.0   -67.0    0.0143    0.0032   0.0016   0.0004
-48.0   -66.0    0.0150    0.0032   0.0012   0.0003
-48.0   -65.0    0.0151    0.0031   0.0012   0.0003
-49.0   -75.0    0.0127    0.0043   0.0011   0.0003
-49.0   -74.0    0.0128    0.0042   0.0011   0.0003
-49.0   -73.0    0.0136    0.0042   0.0015   0.0004
-49.0   -72.0    0.0138    0.0041   0.0015   0.0003
-49.0   -71.0    0.0145    0.0041   0.0012   0.0003
-49.0   -70.0    0.0147    0.0040   0.0012   0.0003
-49.0   -69.0    0.0148    0.0038   0.0012   0.0003
-49.0   -68.0    0.0149    0.0037   0.0012   0.0003
-49.0   -67.0    0.0150    0.0035   0.0012   0.0003
-50.0   -75.0    0.0140    0.0052   0.0010   0.0007
-50.0   -74.0    0.0142    0.0047   0.0012   0.0003
-50.0   -73.0    0.0143    0.0045   0.0012   0.0003
-50.0   -72.0    0.0144    0.0044   0.0012   0.0003
-50.0   -71.0    0.0145    0.0042   0.0012   0.0003
-50.0   -70.0    0.0147    0.0041   0.0012   0.0003
-50.0   -69.0    0.0148    0.0039   0.0012   0.0003
-50.0   -68.0    0.0149    0.0038   0.0012   0.0003
-51.0   -75.0    0.0145    0.0056   0.0008   0.0007
-51.0   -74.0    0.0146    0.0054   0.0008   0.0007
-51.0   -73.0    0.0147    0.0053   0.0008   0.0007
-51.0   -72.0    0.0148    0.0051   0.0008   0.0007
-51.0   -71.0    0.0149    0.0049   0.0008   0.0007
-51.0   -70.0    0.0151    0.0048   0.0008   0.0007
-51.0   -69.0    0.0152    0.0046   0.0008   0.0007
-52.0   -74.0    0.0146    0.0055   0.0008   0.0007
-52.0   -73.0    0.0147    0.0054   0.0008   0.0007
-52.0   -72.0    0.0148    0.0052   0.0008   0.0007
-52.0   -71.0    0.0149    0.0051   0.0008   0.0007
-52.0   -70.0    0.0148    0.0054   0.0010   0.0006
-52.0   -69.0    0.0149    0.0052   0.0010   0.0006
-53.0   -74.0    0.0141    0.0074   0.0010   0.0023
-53.0   -73.0    0.0142    0.0074   0.0010   0.0023
-53.0   -72.0    0.0142    0.0072   0.0009   0.0022
-53.0   -71.0    0.0146    0.0057   0.0010   0.0006
-53.0   -70.0    0.0148    0.0055   0.0010   0.0006
-53.0   -69.0    0.0149    0.0053   0.0010   0.0006
-53.0   -68.0    0.0150    0.0052   0.0010   0.0006
-54.0   -73.0    0.0136    0.0081   0.0002   0.0023
-54.0   -72.0    0.0138    0.0079   0.0002   0.0023
-54.0   -71.0    0.0139    0.0078   0.0002   0.0023
-54.0   -70.0    0.0141    0.0076   0.0002   0.0023
-54.0   -69.0    0.0141    0.0075   0.0002   0.0023
-54.0   -68.0    0.0142    0.0073   0.0002   0.0023
-54.0   -67.0    0.0143    0.0071   0.0002   0.0023
-55.0   -71.0    0.0138    0.0079   0.0002   0.0023
-55.0   -70.0    0.0140    0.0077   0.0002   0.0023
-55.0   -69.0    0.0140    0.0076   0.0002   0.0023
-55.0   -68.0    0.0141    0.0074   0.0002   0.0023
-55.0   -67.0    0.0143    0.0072   0.0002   0.0023
-55.0   -66.0    0.0143    0.0070   0.0002   0.0023